"AMD.Adjusted","AMZN.Adjusted","NKE.Adjusted","VALE.Adjusted","NOK.Adjusted","AAL.Adjusted","CCL.Adjusted","TGT.Adjusted","DQ.Adjusted","BAC.Adjusted","IWS.Adjusted","IWN.Adjusted"
18.83,1539.130005,72.050293,10.682351,5.621394,31.963158,47.317493,61.989273,4.81,23.318459,71.740807,102.442657
17.049999,1500.280029,70.775864,10.174799,5.454907,29.581665,44.963486,61.140236,4.66,22.944765,70.921402,101.289711
19,1575.390015,72.62429,11.118527,5.807468,31.530161,47.507332,61.979946,4.948,23.897684,72.96524,104.720222
20.57,1629.51001,73.66526,10.967847,5.895608,32.425678,48.067356,65.012222,5.312,23.879,73.643364,105.863716
20.75,1656.579956,74.647842,11.150249,6.022923,31.90411,49.263351,64.946907,5.21,23.832289,74.528694,107.508087
20.190001,1659.420044,74.511635,11.507119,6.081682,32.888191,49.348778,65.581375,5.164,24.065847,75.046722,108.330276
19.74,1656.219971,74.346252,11.419884,6.013129,31.530161,49.633537,63.715336,5.372,24.037821,75.621246,108.717735
20.27,1640.560059,73.976585,11.1899,5.954369,31.293978,49.737946,64.946907,5.296,24.31809,75.696587,108.802803
20.23,1617.209961,74.025208,11.205761,5.895608,31.205408,49.548107,64.228493,5.158,24.635729,75.225677,108.01841
20.379999,1674.560059,75.76664,11.150249,5.924989,31.589199,50.231529,63.640701,5.162,24.80389,75.715431,108.60434
19.73,1683.780029,75.572075,11.1899,5.827055,32.317429,50.051182,63.304817,5.416,26.578934,76.167511,109.577736
20.25,1693.219971,76.982719,11.475398,5.856435,33.04565,50.820034,64.723,5.61,27.08342,76.84565,110.399918
20.77,1696.199951,78.266899,11.586424,5.983749,33.429447,52.091961,65.945236,5.866,27.373034,77.796928,111.439461
19.76,1632.170044,78.558754,11.459537,5.846642,32.219025,51.75024,65.572029,6.056,27.176846,76.789131,109.870705
19.799999,1640.02002,78.315544,11.697451,5.924989,31.146364,51.512951,65.60936,6.236,27.018026,76.751472,109.728943
20.85,1654.930054,78.257179,11.784687,6.032716,33.124378,52.224846,65.879929,6.632,27.167503,77.165886,110.352654
21.93,1670.569946,78.422562,10.83303,6.463624,34.423378,52.689949,67.540688,6.908,27.634615,77.900513,111.571777
20.18,1637.890015,78.140427,8.882132,6.355897,35.988075,53.534737,67.288765,6.938,27.68133,77.834587,111.269363
19.25,1593.880005,78.043152,9.104185,6.414657,35.712532,53.401844,66.896904,6.736,27.457113,78.145401,111.222107
23.09,1670.430054,79.074371,9.984468,6.434244,35.76173,54.512409,67.484711,7.386,27.158155,78.880043,112.138794
24.41,1718.72998,79.658096,9.865511,6.21879,35.200806,54.654793,68.109833,8.012,26.597618,79.256783,112.715271
24.51,1626.22998,79.298141,9.968607,6.003335,35.535397,54.778187,66.402397,6.956,26.513538,79.426338,112.847588
24.129999,1633.310059,79.765106,9.635528,5.934782,36.194733,55.224308,67.587349,6.862,26.980656,79.897247,113.962738
23.309999,1658.810059,80.611511,9.603805,5.915195,36.441425,55.585003,67.895233,6.732,26.887232,80.066788,114.113937
23.26,1640.26001,80.465553,9.00902,5.924989,36.273674,55.347706,67.652641,6.848,26.840519,79.953758,113.887154
22.67,1614.369995,80.154251,8.858341,5.836848,35.691479,54.066284,67.046196,6.496,26.382746,79.699478,113.452415
23.049999,1588.219971,80.125061,9.032812,6.032716,35.523724,53.753052,66.131844,6.27,26.429459,79.718292,113.216148
22.959999,1591,81.409256,8.897993,6.081682,36.105923,53.933395,65.450752,6.644,26.541567,79.991425,114.047775
22.82,1638.01001,82.411308,9.397614,6.111062,35.277039,53.696102,65.693321,6.862,26.80315,80.735481,115.011742
22.85,1640,83.082581,9.51657,6.18941,35.730953,54.151718,67.708633,6.862,26.812496,81.065163,115.503151
23.129999,1622.650024,82.382118,9.627597,6.169823,35.632275,54.199177,67.344765,6.994,26.522881,80.829681,115.503151
23.68,1607.949951,83.06311,9.778275,6.18941,34.586296,54.341557,67.960533,6.12,27.195528,81.667938,117.23259
23.950001,1627.579956,82.275101,9.667248,6.042509,35.000744,55.338211,68.995949,6.764,27.214212,81.969322,117.790146
23.950001,1622.099976,82.537773,9.698971,5.973955,34.596169,55.860271,68.440605,6.734,27.475798,82.280136,118.60289
23.92,1619.439941,81.671921,9.540361,6.022923,34.517223,55.783684,67.800514,7.126,27.363693,81.997574,118.158722
24.360001,1631.560059,82.459953,9.913093,6.111062,35.020473,56.310215,68.007607,7.97,27.167503,82.364899,118.886406
24.709999,1633,82.858818,9.952746,6.022923,35.425053,56.070881,68.807693,7.81,27.345007,82.242462,118.574539
24.209999,1636.400024,83.471725,9.928955,5.993542,35.770424,55.764538,68.045242,7.376,27.363693,81.875137,117.620049
23.48,1641.089966,83.83168,9.905164,5.993542,35.217827,55.218857,68.732391,7.274,27.58791,81.950485,117.610588
23.530001,1639.829956,83.403625,9.897233,5.964162,35.158623,55.295441,68.37471,7.276,27.306206,81.790367,117.109726
23.68,1671.72998,85.012993,9.825859,5.983749,34.181721,55.372032,68.657089,7.734,27.522177,82.298973,117.742897
23.370001,1696.170044,83.530411,9.84965,5.954369,33.273899,54.146648,68.402954,7.6,27.259256,82.063507,117.213669
23.5,1692.430054,83.33535,10.039982,6.032716,32.790375,54.673183,71.537399,7.272,27.306206,81.856293,116.580505
22.41,1668.949951,83.03299,9.905164,5.973955,32.326591,53.754143,72.384567,7.026,27.080843,81.074554,114.425812
22.08,1625.949951,83.159782,9.992399,5.905402,31.793741,53.016998,71.697426,6.702,26.808537,80.500038,113.1689
22.01,1620.800049,82.711105,9.984468,5.944575,31.487839,52.624493,71.358566,6.48,26.90243,80.24572,113.083847
22.959999,1670.619995,83.705994,10.301687,6.013129,31.625986,53.064865,71.79155,6.856,27.174744,81.262939,114.851082
23.49,1673.099976,83.3256,10.34927,6.071889,30.510937,52.902111,71.706841,6.852,27.174744,81.564323,114.851082
23.379999,1690.810059,83.813278,10.531672,6.013129,31.418764,53.696701,72.591644,6.736,27.503399,81.988174,115.266891
22.82,1686.219971,84.730125,10.428574,6.091475,31.704929,54.022194,71.998627,6.726,27.663027,81.884552,114.822716
23.290001,1712.359985,84.66185,10.468226,6.257963,31.014189,54.194515,72.158653,6.578,27.512785,81.978737,115.049545
23.25,1742.150024,85.656715,10.531672,6.199203,30.964851,54.902935,73.307022,6.72,28.001068,82.383743,115.852806
26,1761.849976,85.529922,10.86475,6.21879,31.17207,54.682751,73.852959,7.052,27.841434,81.978737,114.784912
25.700001,1797.27002,84.55455,10.69821,6.160029,30.550407,54.117924,72.986992,7.14,26.89304,81.403496,113.75705
27.889999,1819.26001,85.842041,10.674419,6.13065,31.033926,54.81678,74.822479,6.528,26.461105,82.434769,114.801064
26.370001,1764.77002,80.165413,10.166869,5.758501,30.165565,54.012619,73.721176,6.29,25.362471,80.883141,111.023705
25.969999,1774.26001,80.301949,10.19859,5.748708,29.810328,54.232807,73.918854,6.34,25.202837,80.911507,111.488754
25.690001,1783.76001,81.326073,10.325479,5.699741,29.810328,49.503586,74.954262,6.234,25.550268,81.640038,112.912376
24.889999,1765.699951,81.043236,10.047912,5.699741,30.530672,48.498394,75.133102,6.21,25.38125,81.460266,112.997787
25.059999,1773.420044,81.969826,10.016191,5.572428,30.491201,48.192047,75.603752,6.474,25.662949,81.867088,113.804527
25.52,1780.75,82.135643,10.357202,5.601807,31.339825,48.555836,75.547264,6.606,25.907093,82.179314,113.795029
26.360001,1814.189941,83.130531,10.769584,5.650774,31.922018,49.963108,75.2743,7.104,26.799147,83.125443,115.304077
26.75,1813.97998,82.291702,10.682351,5.689948,32.553551,50.135429,74.79425,6.976,27.109015,83.049744,114.820038
29.02,1820.699951,82.389252,10.579254,5.778088,33.264027,50.920437,74.653069,6.856,27.080843,83.220055,115.095268
29.09,1818.859985,83.179291,10.682351,5.778088,33.481113,50.834282,76.601501,7.124,27.371937,83.522797,116.177208
28.98,1837.280029,83.296333,10.618906,5.797675,33.609398,50.805565,76.187355,7.248,27.306206,84.099922,117.335106
28.530001,1849.859985,82.642838,10.959916,5.836848,33.431774,50.269451,77.119209,7.372,27.390713,84.043152,117.192741
27.24,1835.839966,82.203918,10.761654,5.738915,32.86932,49.685486,75.92379,7.022,27.127796,83.267365,115.721672
27.83,1847.329956,82.789131,10.753725,5.729121,33.569923,50.039696,76.008514,7.026,27.296816,83.844482,117.230713
27.790001,1844.069946,82.906174,10.626838,5.748708,34.349476,50.231163,75.726105,6.69,27.296816,84.024254,117.221214
27.85,1843.060059,84.115646,10.499949,5.817262,34.23106,51.284229,75.989677,7.016,28.329721,84.78112,117.847603
27.33,1844.869995,84.691116,10.531672,5.52346,33.303493,51.446976,77.16629,6.948,28.01985,84.478363,117.240189
27.93,1863.040039,85.637215,10.761654,5.562634,33.579792,52.461742,77.15686,7.126,28.057405,84.298607,117.809639
27.49,1864.819946,86.544304,10.52374,5.699741,33.925163,52.212837,77.825172,7.494,28.198259,83.806618,117.37307
27.68,1861.689941,87.002731,10.563394,5.689948,33.915295,51.341671,78.371124,7.46,28.198259,83.958008,116.88903
28.18,1887.310059,85.208046,10.357202,5.689948,33.037067,50.805565,77.203941,7.526,28.217035,83.617401,115.958931
27.969999,1923.77002,85.276321,10.444436,5.680154,33.520588,51.456551,77.335709,7.578,28.235817,84.431068,117.686272
28.459999,1901.75,86.212669,9.960677,5.670361,33.540321,51.437401,78.013428,7.59,28.188871,84.544586,117.989967
27.66,1902.25,85.403122,10.055842,5.190486,32.967991,51.533134,76.940361,7.492,28.245211,84.014778,116.727699
27.879999,1950.630005,86.134644,10.166869,5.249247,32.622627,52.097958,72.591644,7.476,28.498739,84.525665,117.743202
27.690001,1938.430054,86.085884,10.135147,5.210073,33.323235,52.107536,73.23172,7.398,28.893122,84.506752,118.331642
27.629999,1926.52002,85.666489,10.135147,5.170899,33.72781,52.519188,72.874031,7.41,28.714708,84.866264,117.999466
26.809999,1911.52002,83.784019,9.817928,5.112138,33.46138,53.438221,71.226784,7.428,28.41423,84.052612,117.107323
28.290001,1900.819946,83.169525,9.802067,5.082759,33.500851,52.011803,71.932747,7.596,28.639591,84.06208,117.401543
28.219999,1962.459961,83.588936,10.143078,5.072966,34.329739,52.825531,71.480927,7.652,28.836777,84.904114,119.603416
27.42,1950.550049,81.511421,9.928955,5.033792,34.290268,52.509609,71.518585,7.134,28.611416,84.535141,119.64138
26.66,1921,80.506775,9.905164,4.935858,33.557949,51.389538,70.633781,7.146,28.094969,83.305191,117.600845
27.09,1917.77002,80.73111,9.85758,4.877098,33.399609,51.715027,70.982056,7.038,27.982286,82.983505,116.851067
27.209999,1899.869995,80.935951,9.714831,4.847718,33.597534,51.638439,70.699677,6.744,27.897776,82.992973,116.518898
27.959999,1889.97998,81.882042,9.889301,4.828131,33.637119,52.02137,70.257263,6.882,27.775703,83.447105,117.088341
26.24,1822.680054,80.497032,9.500709,4.720404,31.806324,50.527935,67.471077,6.48,26.526834,81.706253,113.785545
27.32,1840.119995,81.60894,9.548292,4.671437,32.00425,51.523556,67.680031,6.68,26.874262,82.359085,115.104759
27.58,1871.150024,81.940575,9.51657,4.671437,31.82612,51.494843,67.252625,6.976,26.564392,82.482079,115.20916
28.01,1907.569946,82.203918,9.127977,4.857512,31.984455,51.628864,67.224144,7.25,26.846092,83.021355,115.750137
27.5,1869,82.486786,9.191421,4.837924,31.410479,51.389538,67.328606,6.554,26.667683,82.396919,114.241096
26.68,1858.969971,80.809158,9.048672,4.975031,30.638577,50.145004,68.458824,6.228,26.667683,81.89547,113.49131
27.35,1857.52002,81.579689,9.286587,4.994618,30.975044,50.413055,68.344864,7.176,26.939993,82.756454,114.6492
27.41,1859.680054,81.150536,9.318309,5.079776,29.609373,50.384335,73.663521,7.71,26.752195,82.321236,113.434372
26.360001,1815.47998,80.604317,9.350031,4.921342,29.193733,49.891415,75.411087,7.288,26.066721,81.365662,111.317932
26.440001,1823.280029,80.136139,9.532432,5.069874,28.867159,49.881752,77.472054,7.312,26.461105,81.526497,112.162598
29.049999,1836.430054,79.199791,9.833788,4.960951,28.431726,49.533802,76.712257,7.314,26.198177,80.580383,111.052177
28.09,1819.189941,76.927193,9.881372,4.990657,28.115051,49.872086,75.63903,7.19,26.057327,80.031639,110.378334
28.030001,1816.319946,77.307579,9.936885,5.040168,27.877541,49.823757,76.351349,7.552,25.503317,80.012711,109.704468
27.41,1775.069946,75.449226,9.889301,5.00056,26.9473,49.475807,76.408325,7.6,24.977478,79.407196,108.328308
27.58,1692.689941,76.251251,9.897233,4.941147,26.917614,49.408157,78.782745,8.614,25.052597,79.993805,109.191963
29.57,1729.560059,79.831032,10.02412,4.980756,28.81768,50.529312,81.537056,8.428,26.216963,81.479202,111.697563
29.5,1738.5,80.906921,9.841721,5.00056,30.044806,49.18586,81.195145,8.376,26.207573,82.084702,111.336906
31.82,1754.359985,80.642838,9.936885,4.970853,30.064596,49.446815,81.394577,8.292,26.320858,82.434769,111.374855
32.41,1804.030029,81.581802,9.936885,5.030266,30.598991,50.480988,82.486816,8.476,25.990437,82.63343,111.688065
33.23,1860.630005,80.769997,9.84965,4.931245,30.440653,51.399174,83.151649,9.144,26.500237,82.794289,112.257515
32.41,1863.699951,81.435081,10.515811,5.109482,30.26252,51.389507,83.436569,9.008,26.66073,82.822678,112.248024
32.18,1855.319946,80.818893,10.492018,5.05007,30.777122,51.602139,83.825966,8.794,26.386948,82.690216,112.05822
31.389999,1870.300049,81.77742,10.650628,5.030266,32.74646,51.080227,83.863968,9.102,26.377506,83.248421,113.130661
30.360001,1869.670044,81.611137,10.404783,4.901538,32.340721,51.341179,83.37957,9.096,26.471912,83.106499,112.428345
29.200001,1886.030029,80.310295,10.206521,4.921342,32.221966,50.529312,82.762245,8.36,26.368065,83.028542,112.508469
30.450001,1901.369995,82.452293,10.674419,4.960951,32.182381,50.625969,82.125908,8.546,27.019476,83.73217,113.796074
30.5,1908.790039,81.718727,10.737864,4.990657,32.865215,51.070557,81.831482,8.824,26.736256,84.102997,114.120361
30.01,1918.189941,83.371681,10.872682,5.119385,31.816223,47.165848,81.878952,8.602,26.689054,84.778107,114.616333
29.1,1911.300049,83.870522,10.729933,5.109482,31.242243,45.068516,83.19912,8.468,26.547441,84.473824,113.929596
29.26,1913.900024,82.647896,10.817168,4.990657,31.489647,44.45961,82.363335,8.514,26.415268,84.083984,112.394012
28.860001,1878.27002,80.809105,10.571323,4.941147,30.935459,43.928028,81.394577,7.984,26.207573,83.532478,112.098335
29.92,1897.829956,80.740631,10.658558,4.970853,31.133383,43.860371,81.290108,8.192,26.349184,83.199699,111.821739
30.74,1904.280029,81.826324,10.650628,4.921342,31.816223,44.382286,81.556046,8.346,26.632406,83.80822,113.614861
30.370001,1893.630005,82.109955,10.658558,4.960951,32.271446,44.991188,82.258858,8.474,27.378225,84.74958,114.931084
31.200001,1922.189941,83.537964,11.047152,4.980756,32.538647,44.739899,82.572304,8.808,27.77474,85.224998,115.379356
31.24,1934.310059,83.097824,10.539601,5.010462,31.855806,44.971859,82.667259,8.726,27.519842,85.120407,114.549553
31.190001,1939,84.310646,10.603045,5.069874,32.380302,44.633579,83.484062,8.492,27.42543,85.862091,115.303055
31.5,1942.910034,84.917046,10.404783,5.010462,32.123001,45.339134,84.18689,8.708,27.623688,85.900116,115.970695
32.040001,1952.319946,86.540672,10.547531,4.990657,32.449581,44.865543,84.443314,8.212,27.567045,85.40567,114.854782
33.150002,1988.300049,86.110313,10.595114,4.980756,32.024044,44.382286,83.389076,8.1,27.708654,85.415184,114.740334
33.790001,2017.410034,85.523476,10.951987,5.010462,32.598019,43.986015,81.537056,8.198,27.397108,85.491249,114.807083
33.060001,2001.069946,86.354836,10.975778,5.010462,32.687084,44.295303,82.125908,7.722,27.718098,85.415184,114.158501
33.209999,2011,87.166656,10.944057,5.05007,33.429298,44.710899,83.132645,8.532,27.803064,85.938141,115.150459
34.389999,2020.98999,87.518768,11.102665,5.05007,33.261063,45.377796,82.439339,8.62,27.585922,85.681412,114.120361
33.849998,2009.900024,86.658043,11.126456,5.069874,33.864731,44.894539,83.873466,8.416,27.368786,85.529274,114.425575
33.599998,1992.030029,85.582146,11.063013,5.109482,32.914696,44.111664,83.446068,8.556,27.557602,84.787621,113.2715
33,1977.900024,85.523476,11.110596,5.089678,33.389717,43.966686,84.053925,8.552,27.831379,85.167969,113.452705
32.509998,1964.52002,84.652977,11.134387,5.089678,32.736572,43.580082,83.588547,8.83,27.755859,84.816132,113.157051
32.849998,1985.630005,84.085693,11.039222,5.069874,32.558434,43.589745,82.838226,8.534,27.916349,84.74958,112.765999
33.490002,1994.48999,84.799675,10.85682,5.119385,33.379818,44.652912,84.091911,8.71,28.558325,85.538795,113.900993
34.110001,2000.810059,84.799675,10.642698,5.129287,34.230888,45.542103,84.614273,8.788,28.954834,86.337509,115.799034
33.669998,1973.819946,85.366982,10.515811,5.644196,31.341206,45.058846,83.550545,8.54,28.643293,85.709953,114.435112
34.02,1943.050049,85.621284,10.52374,5.664,30.915668,45.687084,82.686264,8.62,29.049242,86.185371,115.703651
33.48,1912.449951,85.699532,10.499949,5.65,30.420858,45.764404,82.84774,8.416,28.813227,85.928635,114.969223
33.869999,1898.530029,85.288727,10.436504,5.47,30.391169,45.7934,82.515297,8.662,29.162535,86.185371,116.333145
30.450001,1866.780029,84.144371,10.301687,5.41,30.193249,45.648418,82.059425,8.39,28.964275,85.453217,115.36982
29.860001,1855.319946,81.298164,9.928955,5.37,29.530205,45.097507,78.469322,8.516,27.840822,84.217094,112.975815
29.440001,1823.23999,79.361549,9.738623,5.4,29.144253,44.420948,77.424576,8.724,27.736977,83.589546,111.888512
27.99,1765.130005,77.239113,9.167629,5.29,28.233805,43.69606,76.731255,7.966,26.509678,81.393066,108.655167
28.860001,1787.829956,79.518051,9.318309,5.35,28.164289,43.55109,78.611778,8.112,26.830662,82.087196,109.380058
29.190001,1793.400024,79.498482,9.231073,5.32,28.432423,43.899029,78.839722,8.258,26.330301,82.343918,109.256065
33.919998,1832.890015,81.180771,9.492779,5.4,28.87932,44.894539,79.59005,8.542,26.7929,83.760681,111.621452
34.189999,1807.579956,80.183144,9.159699,5.41,28.58139,44.45961,78.269882,8.43,26.745695,82.895416,110.152618
32.43,1784.920044,79.860367,8.961438,5.31,27.449255,44.024677,77.908974,8.626,26.094286,81.83046,108.845932
32.110001,1824.339966,81.493774,9.278656,5.33,27.320154,44.401619,80.007927,8.452,26.169809,82.629173,109.752029
30.24,1762.959961,79.253983,8.771106,5.12,25.919884,43.212803,77.775993,7.932,24.942511,80.242538,106.595001
29.67,1776.119995,77.767281,8.699732,5.06,25.234646,42.816536,78.412331,8.268,24.782019,80.34713,106.165794
31.18,1792.569946,78.520393,8.628358,5.17,25.612024,43.425442,79.979439,8.74,25.518396,81.668816,108.559799
31.48,1816.119995,79.351776,8.469748,5.23,25.919884,44.208317,82.230377,8.86,25.744974,82.581635,109.90464
30.719999,1801.380005,78.764915,8.556982,5.15,25.651747,43.831375,81.857117,9.094,25.225731,81.83046,109.008072
31.700001,1823.540039,80.926491,8.612496,5.17,26.237675,44.411285,98.576912,10.6,25.423988,82.381966,109.847404
31.9,1804.660034,81.483978,8.541122,5.07,26.346916,44.059509,101.754349,10.03,25.669449,82.467529,109.771103
29.540001,1749.619995,78.676895,8.295278,5.01,25.244577,42.290871,99.045876,9.734,24.98971,80.356644,106.299332
30.280001,1768.869995,80.447212,8.152529,5,25.016165,42.486301,100.270912,10.108,25.282375,81.003227,107.472488
30.200001,1761.829956,80.23204,8.192181,4.94,24.281271,42.046589,100.203918,10.304,24.98971,80.34713,105.717514
30.780001,1764.25,81.650269,8.271486,4.89,25.155199,42.408134,101.83091,10.29,25.348459,81.050758,107.071892
31.450001,1786.400024,83.508606,8.50147,4.92,26.138367,42.994419,103.295219,10.306,25.801619,82.201294,109.132057
31.450001,1776.290039,82.86142,8.723523,4.96,26.128435,43.072594,102.443428,10.32,25.971554,82.362953,108.922226
30.9,1789.839966,83.028122,8.652148,4.87,26.327055,42.671959,102.127602,10.058,25.537275,81.963585,107.5774
30.950001,1800.619995,84.675545,8.913855,4.91,26.813673,42.886936,102.74968,10.326,25.952673,82.847862,108.597954
31.5,1840.719971,86.705406,8.985229,4.97,27.498913,44.079052,103.879021,10.19,26.722416,83.874802,110.887047
30.559999,1833.51001,86.970161,8.993158,5.01,27.598223,44.675114,105.132759,10.2,26.351797,84.017426,110.610428
30.5,1831.349976,86.950554,9.207282,5.02,28.243736,46.521915,103.314346,9.654,27.207067,84.873192,113.109352
30.23,1820.550049,85.146233,9.302447,5.1,28.919043,48.525066,104.156578,9.678,27.891283,85.462723,114.978783
29.76,1822.98999,85.06778,9.365891,5.1,29.554626,48.573921,104.290558,9.886,27.995813,86.318489,117.210625
30.209999,1843.550049,85.969948,9.651387,5.24,29.733385,48.485977,104.261826,9.534,28.195375,86.328011,117.344154
30.690001,1839.339966,85.626732,9.635528,5.18,29.743315,49.394726,103.352631,9.64,28.670527,86.337509,117.706596
30.83,1807.839966,85.577682,9.413474,5.12,27.57836,47.801975,102.366867,10.202,28.632511,86.651291,118.231178
30.99,1822.550049,85.891502,9.461057,5.15,28.442354,48.241695,102.673126,10.224,28.451958,86.489639,117.363228
30.42,1817.459961,86.372002,9.334169,5.14,28.402632,47.723808,102.376434,10.238,28.508972,86.328011,116.581131
30.290001,1821.5,85.999352,9.183491,5.15,28.1047,47.274319,103.237793,10.266,28.337923,86.0998,115.961174
30.049999,1794.160034,84.999146,9.183491,5.29,27.796841,47.117977,102.089317,10.166,28.119352,85.87159,115.713188
30.639999,1785.300049,85.989571,9.096255,5.18,27.310223,46.609859,104.108711,10.294,28.05283,85.976181,116.11377
29.52,1741.609985,85.489441,8.890062,5.1,26.813673,46.531685,102.835815,9.58,27.501657,85.401672,114.697411
29.540001,1768.329956,89.049042,9.096255,5.07,27.250639,46.961636,102.213745,9.552,27.796255,85.936981,116.230682
29.469999,1739.839966,90.382698,9.072464,4.99,27.002363,42.945564,101.725632,9.26,27.682213,85.717133,115.080734
28.719999,1725.449951,90.519958,9.064533,5.04,26.823605,42.584023,101.562935,8.908,27.891283,85.45903,114.639931
28.99,1735.910034,92.098747,9.120046,5.06,26.78388,42.711048,102.319023,9.218,27.720228,85.745796,114.4291
28.76,1735.650024,90.490547,9.080394,4.91,26.615053,41.518932,101.390671,8.988,27.02651,84.321495,112.426285
28.309999,1713.22998,89.715874,8.620426,4.82,25.194921,40.492924,100.644173,8.772,26.456327,82.93541,111.314682
28.68,1724.420044,90.431725,8.771106,4.84,25.095612,40.062984,102.041466,8.922,26.42782,83.442047,111.400902
29.01,1739.650024,91.265236,9.080394,4.89,25.651747,40.199783,104.41497,9.076,26.95999,84.225899,112.512535
28.93,1732.660034,91.363297,8.913855,4.91,25.651747,39.97504,103.314346,8.774,26.902971,83.853096,112.435867
28.23,1705.51001,89.970833,8.763176,4.9,26.078779,39.212868,103.859871,8.76,26.256769,82.447884,110.663033
28.459999,1721.98999,90.725883,8.810758,4.91,26.88319,39.603722,105.620857,8.724,26.503843,83.002335,111.036766
28.379999,1720.26001,91.196594,9.056602,4.94,26.99243,40.014126,105.821846,8.784,27.036013,83.499397,111.621315
29.75,1731.920044,92.059525,9.365891,5.02,27.17119,40.60041,107.02774,8.712,27.47315,84.579582,113.432495
30.530001,1736.430054,93.040123,9.183491,4.95,27.429396,41.079216,106.376938,8.808,27.691719,84.359711,112.991676
30.719999,1767.380005,92.951889,9.072464,5.01,28.074909,41.518932,107.085159,8.702,28.252396,84.9524,114.045776
30.809999,1777.430054,93.040123,8.890062,5.09,27.856426,41.421215,107.372269,8.098,28.670527,84.885475,114.34285
31.139999,1787.47998,93.706932,8.858341,5.23,27.737257,41.470074,108.367615,8.168,28.756052,85.181808,115.454468
30.969999,1757.51001,94.236465,8.842479,5.2,28.025253,41.812073,107.965652,8.042,28.841581,85.353882,115.339478
32.029999,1785.660034,94.354141,9.02488,5.2,28.422495,42.134533,108.798294,7.994,29.478281,85.984772,116.441505
31.51,1765.72998,93.74617,9.175559,5.18,28.06498,41.57756,108.32933,7.88,29.649338,86.147285,116.978157
31.360001,1762.170044,90.529778,9.239003,5.11,28.094772,42.994419,106.577904,7.888,29.8584,86.34803,117.428543
31.719999,1780.780029,89.72567,9.127977,3.9,29.207043,42.896709,105.515587,8.274,29.801382,86.252441,116.776909
32.709999,1761.329956,89.156921,9.548292,3.78,30.647038,43.551395,104.338387,8.116,30.143492,86.35759,117.438118
33.689999,1777.079956,89.08828,9.698971,3.59,31.143585,43.170307,105.008347,7.94,30.257524,86.548767,118.233498
33.029999,1762.709961,87.548721,9.627597,3.55,30.706621,43.150764,103.505768,7.918,30.476095,86.739952,118.645576
33.130001,1779.98999,88.441078,9.619668,3.65,30.080971,42.222477,103.295219,7.354,30.048462,86.72084,117.984352
33.93,1776.660034,87.813492,9.310378,3.65,29.852556,41.909786,102.319023,7.592,29.715857,86.223763,117.28479
34.889999,1791.439941,87.450668,9.627597,3.66,30.349106,41.968418,103.189926,7.726,30.219513,87.323067,119.201378
36.290001,1804.660034,88.117477,9.778275,3.61,30.736416,43.199619,104.099144,7.496,30.789692,87.867943,120.370491
36.150002,1801.709961,88.137077,9.817928,3.54,31.065199,43.834766,105.333733,7.514,31.18882,87.867943,120.475891
35.93,1795.77002,87.744843,9.651387,3.59,30.846008,43.355965,105.764427,7.472,31.160311,87.686317,119.776337
36.279999,1788.199951,88.647011,9.68311,3.57,30.776266,44.020424,105.840988,7.274,31.578438,87.772354,120.11174
36.290001,1785.880005,88.068443,9.334169,3.57,30.646746,44.020424,105.419876,7.338,31.606949,87.925308,120.19799
36.310001,1771.650024,88.303795,9.207282,3.53,30.477371,43.658878,105.707001,7.374,31.530928,87.695869,119.785934
36.709999,1778,87.764458,9.120046,3.51,29.41131,43.463451,103.697182,8.118,31.445402,87.60984,119.699692
37.52,1753.109985,89.51976,8.897993,3.47,28.554476,43.053047,103.917305,7.636,31.160311,87.600288,118.942642
38.349998,1754.599976,89.50013,8.882132,3.37,28.664072,43.424362,106.338646,7.808,31.074783,87.762779,119.009712
38.560001,1739.48999,91.235817,9.088325,3.45,28.75374,43.824993,108.348473,7.828,31.293352,88.240753,119.268448
39.880001,1752.530029,92.353706,8.961438,3.45,28.494698,43.678421,107.152145,7.774,31.321863,88.097366,118.798897
41.290001,1752.790039,91.794769,9.088325,3.43,29.182158,43.473225,106.718918,7.766,31.302856,88.106911,118.923477
40.98,1745.530029,91.245628,8.929714,3.35,28.12606,42.671959,121.7183,7.906,31.065277,87.839256,118.415573
39.52,1734.709961,90.372887,9.096255,3.38,27.827166,42.523693,122.89283,7.548,31.207823,87.514259,117.792686
39.150002,1745.719971,91.529999,9.429336,3.43,28.574404,43.176079,122.286301,7.564,31.530928,87.753242,118.041847
39.790001,1773.839966,91.098534,9.540361,3.47,28.883261,43.986618,120.524513,7.402,31.806515,88.479729,120.245911
38.990002,1796.939941,91.520187,9.540361,3.43,28.943041,44.164543,122.161163,7.4,31.692478,88.632683,119.977585
39.41,1818.51001,92.314484,9.413474,3.46,28.84341,44.698315,121.208054,7.628,31.758999,89.043724,120.763382
39.150002,1800.800049,91.916298,9.326239,3.5,28.634182,44.559929,120.351212,7.616,31.663971,88.479729,119.900932
38.73,1781.599976,91.985123,9.627597,3.46,27.976612,43.976734,119.359596,8.008,31.768503,87.839256,118.93306
38.900002,1769.959961,90.903641,9.51657,3.47,27.189522,43.037693,119.417366,8.07,31.207823,87.217918,118.319756
39.689999,1760.689941,92.142426,9.595876,3.45,27.279188,43.373772,119.879478,8.416,31.50242,87.810585,119.201378
39.619999,1740.47998,94.177597,9.611734,3.48,27.139706,43.690079,120.033516,8.756,31.617077,88.087807,119.402603
39.630001,1751.599976,95.367226,9.825859,3.48,27.627901,44.253506,120.370461,9.142,32.171261,88.785614,120.95504
38.93,1749.51001,95.003441,9.817928,3.42,27.388784,44.88612,121.737556,9.292,32.018379,88.642235,120.840042
39.439999,1739.209961,95.377045,9.754485,3.42,26.900589,44.797157,121.082893,9,32.037487,88.632683,121.022125
39.470001,1748.719971,95.544189,9.976538,3.47,26.761105,45.261738,121.111763,9.282,32.14259,88.737823,121.012535
42.59,1760.329956,96.075096,10.238243,3.57,27.617937,46.358932,122.767677,9.506,33.136299,89.550362,122.363731
41.150002,1760.939941,96.124245,10.357202,3.52,27.37882,46.902588,122.478867,9.484,32.906979,89.177544,121.606682
42.349998,1769.209961,97.146751,10.436504,3.59,27.817202,46.447895,121.265808,9.934,33.155415,89.757401,122.491943
42.77,1790.660034,97.972603,10.380992,3.6,28.175877,46.655472,123.595642,9.94,33.480278,89.853569,123.379158
42.299999,1784.030029,98.877121,10.37306,3.6,27.896908,46.042625,123.306808,9.714,33.547161,90.084366,123.909561
42.830002,1792.280029,99.447357,10.484088,3.59,28.444881,46.111816,123.903694,9.768,33.394283,90.382454,124.198845
44.150002,1786.5,98.27739,10.52374,3.61,28.933079,49.630745,124.336914,9.992,33.403835,90.892113,124.083122
45.459999,1793,98.356056,10.547531,3.64,29.19212,50.668629,123.557106,10.206,33.604485,90.795952,124.121704
46.540001,1789.209961,98.454361,10.682351,3.63,29.072563,50.352322,123.7593,10.328,33.652271,90.853645,124.275993
46.630001,1868.77002,99.014763,10.69821,3.62,29.560759,50.737823,124.086632,10.302,33.938908,91.065201,124.401367
46.18,1869.800049,99.860275,10.760888,3.63,28.335287,50.737823,124.394714,10.328,33.776474,90.96904,123.832413
45.52,1846.890015,99.103249,10.736468,3.69,28.195801,50.4314,124.086632,10.072,33.585384,90.767113,123.842026
45.860001,1847.839966,99.604668,10.744608,3.71,28.574404,50.243595,123.431969,10.24,33.652271,91.132515,123.996353
49.099998,1898.01001,100.479683,10.948105,3.87,28.982893,50.718056,121.371712,10.996,34.053566,90.940186,123.861336
48.599998,1874.969971,100.204391,10.817866,3.81,27.548195,49.314434,120.110542,10.89,33.346512,90.613243,123.514168
48.389999,1902.880005,100.115913,10.695769,3.94,27.21941,47.821857,118.97451,10.77,33.298733,90.642097,123.533455
48.25,1906.859985,100.06675,10.769027,3.95,27.119778,47.970123,119.186325,10.672,33.078972,90.468994,122.906616
47.830002,1891.969971,99.840637,10.760888,4.02,27.737495,48.197472,118.801208,10.876,33.413395,90.507469,122.974129
48.970001,1901.050049,99.771812,10.57367,4.01,27.847092,48.632397,118.897484,11.134,33.470718,90.738258,122.684822
48.169998,1883.160034,99.201569,10.557392,4.02,27.21941,48.286434,120.08165,11.212,33.19363,90.613243,122.019409
48.75,1891.300049,100.440361,10.842286,4.06,27.289152,48.79055,119.253693,11.888,33.499393,91.286369,122.925911
48.209999,1869.439941,101.187569,10.948105,4.01,27.428638,49.630745,120.591904,11.786,33.747818,91.545998,123.118767
48.549999,1862.02002,101.059753,10.793447,4.06,27.478453,49.858089,112.639725,11.014,33.126743,91.671021,123.350227
49.77,1877.939941,101.62999,10.712048,4.2,28.12606,50.757591,111.985077,10.73,33.174522,92.623016,124.883537
50.93,1864.719971,102.770462,11.094622,4.14,28.295433,51.30125,112.562706,10.726,33.164967,92.805733,124.468872
51.049999,1892,102.819626,10.785308,4.13,27.099854,50.105206,109.790047,11.084,32.734993,92.43071,123.321281
51.43,1887.459961,102.73114,10.923685,4.09,27.21941,49.304554,109.655258,10.618,32.830547,92.22876,123.0802
51.709999,1884.579956,101.285881,10.826006,4.06,28.69396,48.879513,111.224503,10.472,32.601227,92.507629,123.166992
50.349998,1861.640015,100.312546,10.451573,4.05,27.538231,46.971779,110.059608,10.262,32.047054,91.5364,121.508308
49.259998,1828.339966,98.552689,9.767825,3.94,26.013866,44.747734,111.465202,10.076,31.387758,90.180511,119.965347
50.529999,1853.25,98.719826,9.914343,4.02,26.800957,45.963547,111.137871,10.194,31.760405,90.930573,120.534302
47.509998,1858,98.159409,9.727126,3.91,26.701324,45.963547,110.011467,10.656,31.540632,90.603622,119.714622
48.779999,1870.680054,96.537186,9.775967,3.96,27.617937,44.233734,110.396553,10.452,31.989714,90.84404,119.955704
47,2008.719971,94.679001,9.54805,3.88,26.741179,43.027809,106.613022,10.116,31.368652,89.363129,117.496605
48.02,2004.199951,97.599007,9.686426,3.88,27.059999,42.256809,108.317062,10.378,31.502415,89.978584,118.586327
49.450001,2049.669922,99.673485,9.955042,3.96,28.43,43.057465,109.02948,11.496,32.123482,90.911339,119.907486
49.84,2039.869995,98.847633,10.125979,4.03,29.1,43.630772,111.224503,11.656,33.164967,92.315308,122.202652
49.32,2050.22998,98.582169,10.093418,4.2,28.299999,43.274925,110.849045,12.548,33.126743,91.997978,121.508308
49.73,2079.280029,97.766144,9.800385,4.37,28.379999,41.713154,111.301529,11.55,33.069412,91.295998,120.003914
52.259998,2133.909912,98.33638,9.442231,4.26,28.790001,41.297997,112.620483,11.574,33.145855,91.680634,120.216072
53.799999,2150.800049,98.33638,9.702707,4.41,29.84,42.454502,112.341278,13.348,33.222294,92.286469,121.209366
53.889999,2160,101.26622,9.865502,4.41,30.469999,43.551697,113.708374,15.05,33.36562,92.815361,122.019409
54.529999,2149.870117,101.62999,9.710847,4.34,30.09,42.701618,113.872032,14.296,33.356056,92.834579,122.260506
55.310001,2134.870117,101.797142,9.662007,4.33,29.200001,42.108536,112.283516,14.512,33.298733,92.892273,121.652962
56.889999,2155.669922,100.283058,9.784105,4.25,28.629999,42.424847,114.084389,14.716,32.744556,92.661491,121.103279
58.900002,2170.219971,100.735306,9.808524,4.2,28.33,42.84,113.658371,15.528,33.174522,92.728798,121.595116
57.27,2153.100098,100.804138,9.645728,4.16,28.51,42.5,114.500717,15.304,33.298733,93.094231,122.376228
53.279999,2095.969971,98.562515,9.295714,4.16,27.82,41.689999,113.290451,15.242,32.830547,92.401855,121.228653
49.119999,2009.290039,94.295563,8.595687,4.02,25.450001,37.759998,110.163132,14.576,31.273098,89.83432,117.641258
47.57,1972.73999,91.336243,8.392191,3.91,23.120001,35.84,108.168625,14.206,29.696547,86.728317,113.67778
47.490002,1979.589966,90.451385,8.286372,4.15,22.309999,33.139999,107.142319,14.234,29.266579,85.487816,111.970886
44.009998,1884.300049,87.059456,8.074736,3.96,20.6,31.85,102.262535,13.394,27.833344,81.89138,107.814522
45.48,1883.75,88.119293,7.993337,3.87,19.049999,33.459999,99.725815,13.114,27.231392,80.612427,106.184769
47.459999,1953.949951,91.372742,8.359631,3.93,18.860001,33.060001,105.59317,12.98,28.062664,83.497276,109.164604
46.75,1908.98999,89.647423,8.318932,3.79,17.85,31.83,102.475533,12.646,26.514772,81.737511,106.869453
50.110001,1975.829956,92.467094,8.595687,3.86,18.530001,32.459999,104.392586,12.664,27.126286,84.478119,109.550354
48.110001,1924.030029,89.302361,8.237533,3.66,16.040001,27.870001,102.601395,12.334,25.751219,81.429787,105.500069
48.59,1901.089966,87.113678,7.757281,3.57,15.97,27.15,102.582039,11.8,24.722326,79.496941,103.339928
43.27,1800.609985,82.92363,6.487463,3.31,14.75,21.74,100.723061,10.146,21.087538,71.938622,92.606697
45.380001,1891.819946,87.054527,7.651463,3.32,17,24.02,104.886375,11.37,22.703001,75.150421,95.490089
45.700001,1820.859985,82.815178,6.918877,3.13,16.26,21.75,102.223793,11.54,21.799109,70.717377,89.250748
39.009998,1676.609985,73.153412,5.828135,2.61,13.45,14.97,89.675781,10.57,19.722088,63.159061,79.144333
43.900002,1785,74.513947,7.081673,2.74,14.31,17.58,97.808762,11.33,23.231871,68.005623,85.923721
38.709999,1689.150024,65.847923,6.430485,2.42,15.92,14.57,90.808578,10.52,19.654778,58.947166,74.650459
41.880001,1807.839966,68.854904,6.650261,2.53,15.58,12.71,100.335777,11.07,21.135618,62.13974,79.125053
39.119999,1830,67.080292,6.023492,2.43,11.65,9.3,99.551529,8.566,19.991333,56.533504,70.764114
39.82,1880.930054,69.347847,5.844416,2.56,10.29,10,97.305283,9.732,20.38558,57.158558,74.351509
39.610001,1846.089966,66.498611,5.681619,2.66,10.38,12,94.303825,9.116,18.91436,54.648735,70.850914
41.639999,1902.829956,61.914204,5.356024,2.65,10.25,12,93.616402,8.896,17.385441,52.292778,69.230812
46.220001,1940.099976,71.309784,6.104891,2.94,13.92,13.68,97.363365,11.384,20.222111,58.206718,75.267662
44.630001,1885.839966,77.895561,6.544443,3.07,15.39,15.55,88.145996,11.964,20.289421,60.410069,76.664368
47.5,1955.48999,83.110954,6.772358,3.15,15.66,17.82,93.016098,11.926,21.847187,63.915627,81.688675
46.580002,1900.099976,82.056038,6.381646,3.01,14.04,14.41,91.728378,10.756,20.770216,62.235676,78.798241
47.860001,1963.949951,84.175713,6.544443,3.05,12.25,12.8,92.958008,11.118,21.193316,63.37183,80.03006
45.48,1949.719971,81.572945,6.74794,3.1,12.19,13.17,90.014641,11.584,20.414427,62.235676,79.564507
43.66,1907.699951,78.112465,6.633981,2.97,10.69,8.8,92.241539,10.09,19.010517,58.89521,74.249214
44.490002,1918.829956,79.009628,6.633981,3.04,10.06,7.97,91.360466,10.818,19.779783,59.458427,74.802086
42.59,1906.589966,77.747673,6.170009,2.97,9.39,8.49,89.627365,10.284,19.260527,58.166912,72.202629
47.52,1997.589966,83.436295,6.601421,3.16,9.5,10.21,94.410339,10.536,20.568283,62.769764,78.022293
47.560001,2011.599976,82.972916,6.821198,3.16,10.22,11.3,95.136497,10.038,21.289471,63.672863,78.61396
48.790001,2043,84.09684,6.870037,3.24,11.33,11.99,101.303993,10.624,22.549147,66.925926,82.28035
48.380001,2042.76001,85.565826,6.918877,3.27,12.51,12.42,100.887665,9.982,23.904982,69.43129,86.936081
50.939999,2168.870117,83.268684,6.975855,3.25,11.56,11.5,101.352394,10.552,23.001087,67.430885,84.016548
54.93,2283.320068,86.236221,6.992135,3.37,11.95,12.51,104.934799,10.46,22.81839,68.84864,84.976784
54.990002,2307.679932,83.840508,6.72352,3.23,12.29,12.38,102.862808,9.954,21.337551,66.003418,80.689636
56.950001,2408.189941,85.082726,6.617702,3.46,11.07,11.85,105.825554,9.644,20.597132,65.488762,79.593597
56.599998,2375,88.641815,6.804919,3.48,11.57,12.56,109.814568,9.338,22.385674,68.30484,83.289093
56.970001,2393.610107,86.660164,6.503744,3.44,11.06,12.22,105.515717,9.584,21.635643,66.58606,81.620781
52.919998,2328.120117,83.998245,6.340947,3.36,11,11.84,103.501846,8.932,20.808678,65.051781,80.097977
55.919998,2363.48999,87.517891,6.487463,3.38,10.27,11.64,103.443741,9.442,20.962532,65.954865,80.612038
55.900002,2399.449951,86.117912,6.397925,3.39,10.25,12.17,100.558479,9.436,21.029842,66.26561,81.504379
56.18,2410.219971,87.123535,6.243268,3.39,10.31,11.91,104.392586,9.244,21.327932,67.158981,82.571327
56.490002,2376,88.109428,6.414206,3.46,10.02,12.98,106.3871,9.486,22.568375,69.198227,86.451111
55.509998,2314.080078,87.54747,6.601421,3.41,11.26,14.46,108.439713,9.628,22.972242,70.324677,88.681976
53.66,2372.709961,86.827759,7.130513,3.51,12.63,16.690001,108.536545,10.242,23.828053,72.558121,93.104919
52.389999,2474,85.950317,6.71538,3.58,12.01,15.9,106.251556,10.426,23.126095,70.538307,89.535522
49.880001,2286.040039,84.333443,6.495604,3.6,10.64,13.93,104.789566,9.926,22.193359,67.99411,85.898232
52.560001,2315.98999,84.540497,6.495604,3.55,9.82,14.34,108.158943,9.64,22.049124,67.974686,85.694534
52.189999,2317.800049,85.970039,6.357226,3.46,9.51,13.09,108.207344,9.786,21.789495,68.266006,85.296875
52.16,2351.26001,87.192543,6.332807,3.46,9.25,12.82,109.96949,11.106,21.491404,67.12014,83.541267
51.950001,2367.610107,87.310867,6.454905,3.55,9.54,13.53,109.756485,10.936,21.962582,68.295143,84.937988
53.189999,2379.610107,89.184052,6.935157,3.58,10.14,14.21,112.147972,11.256,22.664537,70.353806,88.749878
55.740002,2409,89.647423,6.6991,3.57,10.1,13.85,116.359688,11.054,21.712568,69.363304,86.819679
53.759998,2356.949951,87.015091,6.593282,3.57,9.65,13.19,115.594795,10.78,21.029842,67.256104,83.230873
52.18,2367.919922,84.806671,6.658401,3.44,9.11,12.26,115.352745,10.022,20.06826,65.207153,79.87487
54.509998,2388.850098,85.329216,6.70724,3.42,9.15,12.27,116.127319,9.746,20.87599,66.178207,80.233765
54.200001,2409.780029,85.762993,6.73166,3.45,9.04,12.78,117.095528,9.64,20.616362,66.314156,81.019402
54.59,2426.26001,89.755882,7.334009,3.65,9.87,14.72,121.220108,10.212,22.049124,70.227562,87.353149
55.470001,2449.330078,90.219254,7.382848,3.69,9.64,14.11,119.886627,10.974,21.356779,69.237076,85.141685
56.389999,2497.939941,91.638931,7.545645,3.82,9.87,14.15,116.440994,11.892,22.02989,70.548019,88.177597
54.650002,2446.73999,92.930466,7.431687,3.77,9.89,14.6,115.516327,11.562,22.020273,70.266411,88.293999
55.169998,2436.879883,92.42765,7.309589,3.85,9.7,14.46,114.358025,10.456,21.789495,70.324677,88.381294
53.189999,2421.860107,95.257179,7.415407,3.85,11.14,16.280001,112.051224,10.502,23.347261,72.936829,92.086487
52.740002,2410.389893,98.461334,7.789841,3.91,11.98,17.24,114.280182,10.378,24.981953,74.762444,96.121445
51.740002,2401.100098,97.071205,7.578205,3.92,10.98,15.93,115.272987,10.058,23.904982,74.072983,93.454086
53.799999,2442.370117,97.431976,7.944498,3.95,10.5,15.74,119.069031,10.234,23.193409,73.83992,92.328972
53.630001,2471.040039,98.380783,8.009618,4.2,11.11,16.799999,116.304733,10.856,23.664585,74.878975,93.007919
53.540001,2472.409912,99.566811,8.351491,4.31,11.22,16.870001,115.681793,10.688,23.88575,75.66555,93.987572
52.73,2478.399902,102.89756,8.603827,4.37,11.85,17.25,118.485023,11.098,24.99157,77.908714,97.333878
52.630001,2460.600098,100.100517,8.823603,4.28,16.719999,18.48,116.762199,11.234,25.930809,78.3554,98.109825
53.099998,2483,101.51387,8.9864,4.46,18.59,21.51,118.290352,11.776,27.218639,80.880165,102.920746
52.970001,2524.060059,103.07547,9.173616,4.52,20.309999,24.91,119.107956,12.398,27.635002,83.016518,105.840286
56.389999,2600.860107,101.434792,9.132916,4.42,18.549999,23.040001,117.501945,11.47,27.325151,80.841316,103.163239
57.439999,2647.449951,100.930748,8.970121,4.45,17.02,20.59,116.801132,11.748,25.756521,78.666138,98.973083
52.830002,2557.959961,94.061676,8.34335,4.11,14.38,17.440001,114.864182,11.312,23.171185,73.38353,90.680061
53.5,2545.02002,95.307007,8.652665,4.2,16.74,19.98,113.783768,11.602,23.994228,74.96637,93.347397
54.68,2572.679932,96.700577,8.636385,4.28,16.700001,19.440001,115.00045,11.366,24.352497,75.901978,94.899521
54.459999,2615.27002,97.886612,8.677084,4.34,17.030001,20.42,116.032188,11.166,24.981886,77.384888,97.442513
54.549999,2640.97998,98.054634,8.742205,4.41,16.98,19.09,115.117256,11.398,24.207253,76.409286,94.860527
54.040001,2653.97998,97.303482,8.587547,4.37,16.49,18.82,114.173119,11.882,24.245985,76.272705,94.743614
54.23,2675.01001,94.664574,8.392191,4.33,16,17.83,117.346199,11.996,24.449327,75.287331,93.749802
54.759998,2713.820068,98.351143,8.514289,4.33,14.92,17.23,119.166359,12.042,23.839306,75.336121,94.159019
53.990002,2764.409912,100.73307,8.791042,4.33,14,18,118.261154,13.77,24.003916,75.326355,94.266197
52.389999,2734.399902,98.91449,8.465448,4.2,13.04,16,116.528603,14.662,23.054991,72.945892,90.73912
51.93,2754.580078,100.219131,8.595687,4.45,13.17,16,116.616196,14.292,23.936132,73.687355,92.3078
50.099998,2692.870117,92.57914,8.294512,4.34,12.38,15.78,113.900574,13.952,22.415916,72.194679,89.959679
50.279999,2680.379883,94.753525,8.310792,4.35,13.32,16.780001,115.409248,15.264,22.648306,73.755638,93.827751
52.610001,2758.820068,96.908134,8.392191,4.4,13.07,16.42,116.733009,14.848,22.996891,74.662949,94.95797
52.580002,2878.699951,96.265701,8.36777,4.35,12.81,16.360001,115.788849,17.191999,22.52243,74.341003,93.165215
52.34,2890.300049,97.283707,8.473589,4.44,12.5,15.88,115.944595,17.030001,22.551479,74.741005,93.330849
53.400002,3057.040039,98.786011,8.628246,4.6,12.8,15.61,116.061394,19.434,22.909744,75.42392,94.236969
52.93,3000.120117,95.939537,8.522428,4.31,11.91,14.57,114.912857,17.738001,22.280359,73.980034,91.616028
53.43,3081.110107,97.688927,8.758484,4.15,11.99,15.32,114.562447,18.434,22.367502,74.253204,91.947296
57.259998,3182.629883,95.860481,8.652665,4.17,11.18,14.58,114.757118,17.997999,22.047966,72.965401,89.228928
55.880001,3200,96.848831,8.782903,4.12,11.94,16.16,115.691521,17.924,23.258331,74.272705,91.888832
53.59,3104,95.336662,8.774762,4.18,11.63,15.28,115.565002,17.534,23.422939,74.048317,91.430908
54.720001,3084,95.633163,9.442231,4.32,11.57,15.04,116.878998,18.552,23.374523,75.297089,92.80471
55.34,3008.870117,97.392426,9.393392,4.33,13.44,17.48,118.426628,18.628,23.819937,77.306839,96.682533
54.919998,2999.899902,96.127342,9.181756,4.24,12.45,15.78,118.69915,17.521999,23.171185,77.21904,96.234344
55.040001,2961.969971,95.158752,9.206176,4.39,11.91,15.47,118.426628,17.742001,22.483696,77.423904,96.019989
57.459999,3196.840088,94.536079,9.311994,4.45,11.47,15,116.625931,22.222,22.832285,76.711716,94.48056
57,3138.290039,97.214531,9.328273,4.43,11.47,15.19,116.995811,21.356001,23.645647,77.638557,97.257385
61.790001,3099.909912,97.758133,9.425952,4.5,11.36,15.14,119.857437,21.892,23.539133,78.282433,97.306099
59.57,2986.550049,97.155235,9.189895,4.37,11.77,14.8,119.088486,21.889999,23.761843,78.360497,98.056335
69.400002,3008.909912,97.283707,9.165476,4.3,11.39,14.8,120.412224,21.709999,23.577864,77.697083,96.55587
68.970001,3055.209961,96.077911,9.694566,4.34,11.39,13.75,119.419426,21.878,23.374523,78.00927,96.935852
67.610001,3000.330078,95.148857,9.556189,4.28,11.77,14.33,120.003426,20.854,23.587549,77.550743,96.65329
76.089996,3033.530029,95.840729,9.841084,4.34,11.4,14.65,120.383041,21,24.468695,78.994637,99.23526
78.199997,3051.879883,95.692459,9.645728,4.45,11.18,14.34,121.259048,22.194,24.052332,78.340981,98.036858
77.43,3164.679932,96.473259,9.474791,4.78,11.12,13.88,122.524399,22.181999,24.091061,78.106827,96.945595
77.669998,3111.889893,97.184875,9.295714,5.06,11.08,13.07,124.432137,23.322001,24.197573,78.584885,98.027107
85.040001,3138.830078,96.196526,9.352693,5.1,11.47,13.74,126.972565,24.844,24.21694,78.95562,98.942978
85.309998,3205.030029,99.764481,9.572469,5,12.56,14.02,125.921364,24.93,24.584887,79.599503,101.135208
86.709999,3225,99.28019,9.385252,5,13.04,13.78,125.570969,23.77,24.662352,79.570244,101.028038
84.849998,3167.459961,100.673759,9.084078,4.98,13.03,14.22,128.237915,24.51,25.282057,80.604385,103.434624
82.239998,3148.159912,104.182426,9.246874,4.91,14,15.44,129.396194,23.827999,25.717787,81.697052,105.500198
76.879997,3080.669922,103.895798,9.092218,4.96,13.73,15.82,128.20871,23.209999,26.066376,81.628769,105.500198
82.610001,3162.23999,103.994644,9.206176,5.05,13.54,15.19,131.011963,23.806,25.882397,81.940956,105.470963
81.839996,3161.02002,105.279488,9.181756,5.06,13.3,15.22,131.216339,23.190001,25.514446,81.423882,104.486885
81.300003,3148.02002,105.190544,9.222455,5,13.33,15.47,132.890488,22.427999,25.630642,81.589737,105.090981
82.419998,3182.409912,104.429512,9.246874,5.07,12.62,14.68,134.554901,22.882,25.078716,81.453156,104.886368
81.660004,3312.48999,105.724266,9.442231,5.09,12.6,14.41,133.909302,24.483999,24.720449,80.91658,103.113098
81.089996,3260.47998,107.127716,9.214314,5.04,12.68,14.6,150.850967,25.038,24.691401,80.526337,102.888992
82.769997,3297.370117,106.752144,9.263155,5.05,12.5,14.54,148.914215,24.573999,24.304083,80.02877,102.138771
83.809998,3284.719971,108.471886,9.018958,4.97,12.16,14.65,150.273865,24.601999,24.187887,79.901947,101.320328
83.080002,3307.459961,110.527672,9.198037,5.03,13.44,16.139999,149.892395,24.917999,24.875374,81.306808,103.678207
86.349998,3346.48999,110.21138,9.132916,5.04,13.14,15.89,149.510895,26.674,25.175545,81.179977,103.385902
86.019997,3441.850098,110.231155,8.994539,5.05,12.79,15.28,149.373947,25.771999,24.749496,80.779999,102.206978
83.800003,3400,109.549187,8.896861,5.01,13.28,16.120001,147.026367,24.639999,25.223959,81.27755,103.054634
85.550003,3401.800049,111.228157,9.198037,4.97,13.59,17.209999,147.554581,25.034,25.46603,82.097046,103.843834
90.82,3450.959961,110.83194,8.95384,4.9,13.05,16.48,147.906738,22.562,24.923788,81.150719,102.148514
92.18,3499.120117,113.754044,9.360832,4.73,13.1,16.51,147.261139,22.712,24.894739,81.589737,103.19104
90.220001,3531.449951,115.695511,9.303854,4.78,13.23,16.709999,146.56665,22.374001,25.194912,82.984848,104.077675
82.540001,3368,111.782867,9.149197,4.53,13.36,17.58,142.839874,20.188,25.019403,81.34584,102.216713
82.010002,3294.620117,111.337128,9.263155,4.48,13.61,18.530001,144.013657,19.856001,25.877438,81.238518,102.362862
78.690002,3149.840088,111.654099,8.9864,4.1,13.63,18.290001,140.854233,20.062,24.843897,79.628784,100.043953
81.910004,3268.610107,113.813477,9.214314,4.14,13.05,17.66,144.326675,19.774,24.873148,80.555603,100.872131
78.980003,3175.110107,113.704514,9.018958,4.1,13.01,17.879999,142.84967,19.306,24.512388,79.423904,99.371674
76.339996,3116.219971,116.884163,9.49921,4.1,12.95,17.690001,144.424484,22.514,24.8634,79.823891,98.952705
77.900002,3102.969971,118.152061,9.564329,4.09,13.26,17.85,145.197235,23.378,25.107159,81.219002,101.067017
78.93,3156.129883,118.142151,9.637587,4.16,13.14,15.93,145.813477,24,24.648893,81.258034,101.008545
76.660004,3078.100098,117.468582,9.434092,4.13,13.8,16.459999,144.75705,23.774,24.960905,81.911682,102.158257
76.550003,3008.72998,115.259666,9.670147,4.14,13.63,16.24,144.385361,22.844,24.717146,81.49218,101.515198
74.93,2954.909912,113.575752,9.368973,4.09,13.19,15.31,145.568939,22.282,24.580637,80.477547,100.852654
77.940002,2960.469971,112.297951,9.059657,3.96,12.21,14.29,146.586197,22.556,23.859114,78.136093,96.536392
77.699997,3128.98999,115.764854,9.031648,3.98,12.34,14.41,150.71402,23.021999,23.342344,78.633667,96.682533
74.730003,2999.860107,125.908012,9.040134,3.88,11.93,14.13,147.71109,24.903999,22.679323,76.874123,93.582703
75.82,3019.790039,123.570335,9.082576,3.84,11.77,13.74,148.679459,24.278,22.757326,76.991821,93.857109
78.059998,3095.129883,123.055244,9.11653,3.78,12.29,15.07,150.978134,24.374001,22.90358,78.011841,95.01355
79.480003,3174.050049,123.144402,8.904321,3.9,12.76,15.31,153.042023,25.983999,23.488598,79.620338,97.992828
81.769997,3144.879883,125.155205,8.836414,3.95,12.25,15.07,153.511536,26.110001,23.176588,78.923981,97.110802
81.989998,3148.72998,124.352859,8.980716,3.91,12.29,15.18,153.981049,27.048,23.488598,79.286865,97.346008
84.860001,3221.26001,125.442459,8.836414,3.87,12.58,15.03,155.1353,29.832001,23.49835,79.875336,98.884659
81.800003,3125,125.442459,8.819437,3.82,13,15.16,155.624374,29.757999,23.605602,80.699196,100.472282
86.150002,3199.199951,126.700455,9.125019,3.93,13.12,14.96,157.962143,33.599998,24.005367,82.24884,102.932152
84.480003,3099.959961,126.442909,8.912809,3.91,12.53,15.19,154.949448,34.400002,23.76161,81.62114,102.53035
86.690002,3195.689941,128.830139,9.125019,3.9,13.07,15.99,157.16983,37.756001,24.258877,83.043274,104.637405
86.510002,3190.550049,128.483444,9.379671,3.95,13.16,15.61,158.324066,37.307999,24.60989,84.249657,106.313255
83.099998,3286.649902,129.741409,9.498507,4.03,13.2,15.69,160.133652,39.306,24.726892,84.220238,106.303444
84.290001,3442.929932,128.235809,9.523973,4.03,12.92,15.21,160.974869,39.226002,25.038908,84.700806,107.146278
85.279999,3443.629883,127.978249,9.515485,4.04,12.22,14.03,162.021484,42.444,24.327129,83.621948,105.509636
84.209999,3363.709961,126.45282,9.625834,4.08,12.36,13.97,160.387985,43.751999,23.030331,83.474831,104.784401
83.129997,3338.649902,127.780144,9.49002,4.04,12.23,14.02,161.845428,40.335999,23.5471,84.073112,106.303444
83.169998,3272.709961,126.789597,9.413625,4.03,12.46,14.08,161.3172,40.001999,23.634855,83.847527,105.989838
82,3207.209961,126.224991,9.447577,4.18,12.56,14.15,160.466217,42.228001,23.127834,82.886353,104.755013
81.559998,3217.01001,127.274971,9.413625,4.2,12.8,14.61,161.268295,48.397999,23.53735,83.435593,105.588036
79.199997,3184.939941,128.206085,9.557927,4.28,12.75,14.48,159.722809,39.821999,23.449598,83.131554,105.078415
79.419998,3176.399902,128.790497,9.591881,4.27,13.15,15.19,156.113434,39.599998,24.249128,84.337921,107.293282
81.959999,3204.399902,128.760788,9.600368,4.3,12.6,15.36,156.729675,39.618,24.278378,84.828323,108.126305
82.230003,3207.040039,127.156105,9.456066,4.23,11.8,14.03,154.519043,35.762001,23.927364,82.827499,105.460625
78.879997,3286.330078,126.779694,9.371182,4.24,11.23,13.76,153.599579,34.778,23.254593,81.738831,103.578979
76.400002,3162.780029,120.925583,8.938274,4.05,10.95,12.3,151.819351,35.875999,22.884075,79.375145,100.099884
78.019997,3211.01001,121.698204,9.141995,3.35,11.16,12.98,150.88031,37.537998,22.952332,80.404968,101.72673
75.290001,3036.149902,118.944489,8.972228,3.37,11.28,13.71,148.894653,36.521999,23.108335,80.032257,100.932907
74.699997,3004.47998,121.232658,9.099554,3.27,11.19,13.55,151.017242,39.824001,23.478849,81.984024,103.382965
76.580002,3048.409912,123.411842,9.328739,3.39,11.25,13.71,153.306137,40.028,24.073622,83.592529,106.21524
81.349998,3241.159912,126.135841,9.201414,3.4,11.01,13.34,153.198517,37.341999,23.088835,82.984428,103.990593
83,3322,128.473526,9.617346,3.54,11.6,14.18,155.164627,44.284,23.995619,84.740044,107.283478
85.879997,3311.370117,127.681099,9.990835,3.52,11.46,13.82,157.971939,44.557999,23.703108,84.386963,105.833031
83.120003,3143.73999,127.730614,10.0163,3.65,13.2,19.25,151.525894,41.897999,27.066978,88.133575,113.232231
77.989998,3035.02002,126.502342,9.956881,3.67,12.38,16.73,154.616867,40,26.969475,89.163399,116.270317
81.279999,3137.389893,126.45282,10.050253,3.75,12.04,16.209999,156.201477,44.374001,26.657463,88.780884,114.819878
81.839996,3110.280029,125.442459,9.75316,3.75,11.74,14.93,156.044952,42.630001,26.023691,87.260674,112.428619
81.43,3128.810059,127.066948,9.914439,3.81,12.24,16.01,159.321793,43.476002,26.325953,89.428215,115.603905
83.730003,3131.060059,128.879639,10.236998,3.9,12.79,17.57,161.571518,43.683998,26.891474,91.487862,119.533806
83.360001,3135.659912,130.959793,10.661418,3.93,12.7,18.049999,160.137512,43.580002,26.862221,91.291702,119.837608
82.540001,3105.459961,130.385284,10.525602,3.94,12.74,17.59,163.8797,39.869999,26.306454,90.104958,118.298973
85.540001,3117.02002,130.662643,10.831184,3.89,12.79,18.190001,168.319214,40.080002,26.306454,90.595352,118.916389
84.639999,3099.399902,131.722488,10.763278,3.95,12.53,17.370001,169.242493,41.709999,26.140694,90.301109,118.573372
85.309998,3098.389893,132.861649,11.196185,3.97,13.56,18.18,174.399048,40.84,26.706217,91.752686,121.484055
85.07,3118.060059,133.426224,11.892234,4.07,14.82,20.23,174.693695,42.529999,28.256519,93.694633,125.355164
86.709999,3185.070068,134.258286,12.138397,4.13,14.94,20.65,176.618805,43.09,28.305273,92.949226,124.277122
87.190002,3195.340088,132.980499,12.503397,4.13,14.98,21.58,176.569687,45.259998,28.266273,92.605957,123.66951
92.660004,3168.040039,133.426224,12.359096,4.03,14.13,19.98,176.333969,43.02,27.456991,91.350548,120.170822
92.629997,3220.080078,134.159256,13.275842,4.06,14.27,20.15,175.862503,40.32,27.973764,92.399986,121.944672
93.739998,3203.530029,134.297913,13.012701,4.06,14.86,21.16,173.269501,40.139999,28.334524,92.468658,122.846298
92.309998,3186.72998,135.664871,13.02119,4.02,16.09,22.879999,171.806015,39.200001,28.363958,92.9198,123.532318
94.040001,3162.580078,136.166107,13.623865,4.03,16.4,23.450001,171.914078,39.720001,28.73678,94.371376,126.982002
94.07,3158,137.714478,13.819098,4.06,17.209999,23.200001,169.831833,39.16,28.540556,93.939835,126.305786
92.919998,3177.290039,138.081696,13.742703,4.22,17.629999,23.57,169.645203,41.709999,28.383579,94.126183,127.55043
89.830002,3104.199951,137.754166,13.657819,4.19,17.16,22.690001,170.971191,41.02,28.256037,93.998672,127.344635
91.660004,3101.48999,136.553207,14.430264,4.2,17.99,22.32,169.330887,42.490002,28.560179,94.047714,127.932632
91.650002,3116.419922,136.384476,14.311426,4.06,17.049999,21.32,168.653183,43.139999,28.030378,93.527908,126.864403
94.779999,3156.969971,135.262909,13.971889,4,16.700001,20.93,167.945999,48.310001,27.686987,92.784988,126.226128
97.120003,3165.120117,138.349686,14.150146,4.1,17.01,21.530001,168.358536,55.990002,28.099056,94.597931,129.742538
96.849998,3240.959961,137.307526,14.379332,3.99,16.860001,21.76,168.63353,57.279999,28.177546,94.381165,128.925003
96.839996,3236.080078,139.451416,14.625496,4.06,16.799999,21.629999,168.191544,57.139999,28.285467,95.041313,130.077438
95.919998,3201.649902,136.255432,14.744334,4,16.51,21.459999,167.386139,58.259998,28.12849,94.322052,128.452225
93.230003,3206.179932,142.945129,14.430264,3.9,16.1,21.059999,168.702301,61.220001,29.17828,93.937775,127.536163
93.160004,3206.52002,141.386841,14.260493,3.88,15.48,19.809999,169.281784,64.790001,28.658291,93.69146,127.94986
91.550003,3185.27002,140.701996,14.285959,3.88,15.89,20.940001,171.796219,58.389999,29.482426,94.597931,130.028168
91.809998,3172.689941,140.543198,14.336889,3.89,15.66,20.84,172.071228,54.77,29.394125,94.666901,130.028168
91.599998,3283.959961,141.366989,14.201076,3.9,16.059999,21.709999,173.249847,56.650002,29.560915,94.775284,130.313843
90.620003,3322,140.513428,14.294447,3.93,15.86,21.43,171.923889,55.790001,29.443182,94.036316,128.127167
92.290001,3285.850098,140.523346,14.387821,3.89,16.15,21.790001,170.784546,57.060001,29.413746,95.061028,129.712982
91.709999,3256.929932,140.414154,14.226542,3.91,15.77,21.66,173.38736,57.360001,29.737513,95.533958,129.772095
92.300003,3186.629883,139.054413,14.769796,3.89,15.13,20.379999,174.467789,62.330002,29.462805,93.868813,128.048355
92.769997,3218.51001,140.175949,15.015961,4.04,15.43,20.6,177.159012,68.800003,29.688457,94.94278,130.747208
90.330002,3138.379883,141.287613,15.414915,4.04,15.52,20.4,185.556793,73.5,31.542763,97.987328,137.651993
95.160004,3162.159912,143.868179,16.068521,3.99,15.38,20.74,187.697998,79.779999,32.239353,98.736168,138.942307
94.580002,3182.699951,145.257751,16.060032,3.93,15.13,20.469999,190.153488,77.110001,31.915581,98.657326,137.474686
97.25,3114.209961,145.952499,15.796894,3.87,15,20.139999,191.803589,76.529999,32.445385,98.637627,137.858841
95.360001,3120.830078,143.967453,15.881776,4.01,15.38,20.129999,195.555588,85.300003,33.024242,99.652481,140.656189
91.779999,3165.889893,141.972443,15.406425,3.98,15.53,20.1,193.316177,77.410004,32.828022,99.287918,139.159012
90.790001,3127.469971,140.245438,16.077011,4.09,16.440001,20.92,194.484985,75.669998,33.348011,99.888947,142.00563
88.209999,3104.25,139.669769,14.973517,4.08,15.76,20.790001,191.332108,72,32.386517,99.041595,139.848511
89.449997,3120.76001,138.230576,14.948055,4.13,15.97,20.870001,184.810333,82.830002,32.151054,99.475128,140.813797
88.75,3263.379883,141.734222,14.812241,4.2,16.17,20.780001,184.94783,83.559998,31.729172,100.145119,141.542694
91.529999,3306.98999,140.553116,14.829216,4.22,15.83,20.74,187.864975,94.470001,31.169939,99.534241,139.897766
92.790001,3292.22998,138.309998,14.608518,4.2,15.82,20.219999,188.493576,96.769997,30.954094,99.218956,141.631332
94.129997,3294,136.523422,14.387821,4.85,15.43,19.219999,186.764893,96.139999,30.571461,99.081009,141.385071
94.709999,3326.129883,134.091705,14.574564,4.73,15.53,18.719999,184.358505,101.889999,30.355618,98.332191,140.675903
88.839996,3232.580078,130.042145,14.014332,6.55,16.559999,18.98,175.106216,103.879997,29.266581,95.947777,139.001419
87.519997,3237.620117,133.714554,14.218052,4.69,18.1,19.74,180.311844,97.339996,29.747326,96.903519,138.154327
85.639999,3206.199951,132.592972,13.708748,4.56,17.17,18.67,177.944748,88.059998,29.089979,95.307343,136.322235
87.660004,3342.879883,134.697159,14.209563,4.89,16.84,18.799999,180.302063,103.410004,29.394125,96.726166,139.424973
88.860001,3380,138.548187,13.903981,4.53,16.59,19.450001,182.286087,115.849998,30.443916,97.849388,140.183426
87.889999,3312.530029,137.595367,14.336889,4.7,17.6,20.440001,181.814621,119.699997,30.983528,98.381447,141.060043
87.839996,3331,139.580429,14.005842,4.37,17.4,21.049999,185.232666,108.669998,31.886154,99.622917,143.965759
87.900002,3352.149902,144.026993,14.65096,4.22,17.190001,21.309999,185.497864,109.190002,31.758604,100.283066,145.590988
91.470001,3322.939941,142.339691,14.982009,4.26,17.77,21.610001,190.497253,114.089996,32.465004,101.534393,149.46199
90.910004,3305,140.731781,14.973517,4.19,17.440001,21.049999,190.831223,124.129997,32.327656,101.62307,149.787048
92.349998,3286.580078,141.396774,14.982009,4.17,17.41,20.93,189.014145,119.529999,32.357082,102.155121,149.127075
92.660004,3262.129883,142.468719,14.744334,4.1,16.99,20.719999,187.020279,118.910004,32.258976,102.381752,149.038437
93.769997,3277.709961,141.059296,14.854682,4.17,17.27,20.6,188.022125,123.830002,32.739719,103.051735,149.678696
91.459999,3268.949951,140.65239,15.304568,4.13,17.82,22.469999,187.864395,120.220001,33.622723,103.169968,150.023438
89.940002,3308.639893,142.915359,15.168754,4.11,17.99,23.200001,190.83136,112.510002,33.760075,102.963058,149.156631
88.639999,3328.22998,144.007141,15.262125,4.12,17.709999,22.889999,188.672668,107.269997,33.544228,102.066444,146.851746
89.580002,3249.899902,140.960068,15.465845,4.07,18.68,24.59,186.119736,104.800003,33.887619,103.603508,149.905228
85.370003,3180.73999,135.649979,14.880148,3.96,20.440001,25.969999,186.287292,95.25,34.486099,103.86953,151.678207
84.739998,3194.5,135.114044,15.194218,3.95,20.66,26.459999,183.694901,92.75,34.84911,104.263649,151.185715
86.940002,3159.530029,134.637604,15.321543,4.04,21.82,27.01,184.404602,105.400002,35.692867,105.840118,155.31279
82.419998,3057.159912,134.528412,14.769796,4.05,20.860001,25.469999,182.433197,97.900002,35.251366,103.22908,150.318924
84.510002,3092.929932,134.046066,14.345379,3.92,20.940001,26.75,180.816666,104.25,34.054409,102.60836,149.324097
86.389999,3146.139893,136.900436,14.880148,4.04,21.18,26.309999,183.428757,117.459999,35.114014,104.992767,154.514954
84.129997,3094.530029,136.273865,15.236661,4.04,21.440001,27.59,171.008957,109.900002,34.858917,104.460709,152.456345
80.860001,3005,133.528885,15.177239,3.98,22.17,28.67,171.127228,94.510002,35.732109,104.253792,153.27388
77.75,2977.570068,131.320984,14.854682,3.82,21.24,27.4,167.391434,86.139999,35.988468,102.549248,150.673508
78.519997,3000.459961,132.62384,15.748644,3.88,20.450001,26.09,170.141525,79.980003,36.412441,104.86467,154.603622
73.959999,2951.949951,133.827271,15.287014,3.87,21.469999,26.690001,174.340591,72.040001,36.609638,106.017471,158.080627
78.529999,3062.850098,135.209686,15.100587,3.96,21.6,27.58,176.617554,87.980003,35.810989,105.810562,158.829208
77.519997,3057.639893,136.840759,15.287014,3.96,21.75,26.700001,176.026154,78.379997,36.846275,107.120995,162.729767
81.230003,3113.590088,140.421173,15.997212,4.1,22.15,27.469999,176.755569,91.209999,36.718102,108.145706,164.680054
81.050003,3089.48999,139.685181,15.642115,4.22,23.370001,28.459999,177.435699,94.220001,37.408287,109.160553,166.984909
82.5,3081.679932,144.150757,15.304769,4.3,25.17,29.790001,178.510117,88.07,37.220947,110.323204,166.856857
82.75,3091.860107,143.86232,15.260383,4.24,24.469999,28.25,177.632843,85.730003,37.112488,108.953644,163.773865
82.629997,3135.72998,144.031403,15.588848,4.28,25.16,28.93,175.848709,87.989998,37.418148,109.761574,165.133118
78.120003,3027.98999,142.390366,15.34028,3.91,24.700001,28.27,177.041412,81.209999,38.394272,108.549675,161.508392
79.059998,3074.959961,136.741302,15.313646,4.02,24.969999,28.959999,184.867874,79.230003,37.990017,108.293503,162.010712
80.300003,3110.870117,137.517059,15.100587,4.06,23.83,27.48,185.350861,80.470001,37.132206,107.978195,159.055756
78.379997,3137.5,136.373322,14.718857,3.98,22.27,25.33,186.218277,74.440002,36.382866,105.75145,152.830643
76.480003,3087.070068,132.434906,14.816509,3.92,21.809999,24.85,185.587433,66.089996,36.382866,105.357323,150.703079
76.220001,3046.26001,127.939499,14.505797,3.97,22.77,25.85,189.944229,68.019997,37.132206,107.061081,154.782486
77.410004,3052.030029,132.265808,14.860895,4.06,22.93,26.059999,198.076233,70.339996,38.137917,108.643219,158.179489
77.139999,3075.72998,132.763092,15.0562,4.02,22.91,25.629999,195.375427,62.16,37.773106,107.624718,154.130722
76,3055.290039,132.226013,15.109465,3.99,24.120001,26.65,196.794815,70.580002,38.443573,108.455345,156.787125
78.5,3094.080078,132.166351,15.429053,3.96,23.9,26.540001,195.237442,75.5,38.147778,108.079582,157.478378
81.089996,3161,131.808319,15.198241,4,23.860001,26.860001,197.849533,75.190002,38.936565,109.276077,159.305283
81.43,3226.72998,134.384216,16.228027,4.05,24.23,28.110001,202.41333,70.120003,39.242222,110.077026,160.065659
81.440002,3223.820068,136.413116,16.25466,4,24.059999,28.6,202.492172,71.25,39.133762,110.314346,159.53241
82.199997,3279.389893,135.796478,16.556494,4.05,23.93,29,201.526184,68.080002,39.488716,109.89904,157.675888
83.349998,3299.300049,132.952057,16.716288,4.06,23.65,28.559999,200.550354,66.220001,39.143623,109.988045,158.396774
82.760002,3372.199951,134.712402,16.174761,4.13,23.540001,29.299999,202.423172,69.290001,39.429558,110.462669,158.643646
78.580002,3379.389893,135.895935,16.059355,4.07,22.91,27.75,202.166916,67.220001,39.498577,110.838425,158.633774
80.190002,3400,132.812805,16.14813,4.13,22.559999,27.82,202.009201,67.919998,38.768948,110.452782,157.359879
78.550003,3333,131.53978,16.787308,4.13,22.370001,27.940001,202.768188,66.300003,39.321098,110.838425,159.315155
83.010002,3379.090088,132.942108,17.133528,4.13,22.129999,27.32,202.817459,67.650002,38.197079,111.580048,159.720047
82.150002,3399.439941,133.578629,17.337711,4.18,22.030001,27.030001,205.567551,70.260002,38.60133,112.094246,160.223648
81.110001,3372.01001,131.848099,17.248938,4.17,21.549999,26.889999,205.666122,66.940002,38.621044,111.659157,158.939896
79.269997,3334.689941,126.417831,17.009245,4.15,20.370001,25.719999,204.305862,69.040001,37.546326,110.393448,154.950363
81.610001,3362.02002,129.192627,17.240059,4.21,21.01,27.33,203.813004,74.889999,38.177357,112.025024,158.347397
79.059998,3309.040039,128.476563,17.266691,4.16,20.07,26.91,202.630173,85.599998,37.822399,111.253746,157.172256
82.760002,3340.879883,129.481049,17.453119,4.2,21.110001,27.27,203.063889,89.510002,38.630909,112.697441,160.194046
85.410004,3409,130.883377,17.710566,4.2,22.040001,27.549999,200.717926,91.989998,38.857685,113.261078,161.349426
85.209999,3417.429932,131.39061,18.021276,4.22,21.76,27.809999,201.437485,85.620003,39.321098,113.518173,161.892548
84.019997,3458.5,129.998245,18.607189,4.2,21.700001,27.799999,201.536057,85.720001,39.468994,113.646721,162.257919
83.910004,3471.310059,132.534332,18.695965,4.67,21.299999,27.209999,204.414291,83.580002,40.533859,114.259796,162.376434
81.620003,3467.419922,131.897827,17.861483,4.68,21.719999,27.959999,204.296005,80.489998,39.96199,113.181961,160.352051
78.550003,3386.48999,132.305603,17.83485,4.91,21.950001,27.93,208.25853,79.540001,39.99157,113.814819,162.425797
78.610001,3311.870117,130.833649,18.092297,4.7,21.42,26.68,208.583817,74.510002,40.425404,113.785156,161.774063
77.830002,3270.540039,131.490067,18.403008,4.8,21.57,26.52,209.37236,77.199997,40.809937,113.992813,161.882675
77.889999,3306.370117,132.763092,19.397285,4.87,21.49,25.950001,209.953918,73.589996,41.421246,114.586113,163.097336
78.809998,3291.610107,137.05957,19.601467,5.1,22,26.76,211.639465,74.699997,41.588863,115.98037,164.88472
75.989998,3190.48999,135.657242,19.574835,4.98,22,26.27,210.969193,72.150002,41.460686,115.426628,162.159195
76.830002,3223.909912,136.373322,20.160748,4.93,21.57,25.879999,206.247711,75.459999,40.987415,114.042252,160.964294
74.639999,3151.939941,132.663635,19.237492,4.71,20.76,24.780001,200.05751,72.370003,40.602879,110.976875,155.888489
73.089996,3161.469971,132.882431,18.882393,4.75,21.209999,25.120001,205.626694,65.110001,41.253632,112.895203,159.571915
74.589996,3222.899902,135.189789,18.669333,4.9,22.4,27.200001,208.140228,71.730003,41.766342,114.684998,163.087433
74.650002,3270.389893,135.667206,19.166471,4.91,23.35,27.52,207.016541,71.239998,42.141018,114.813545,164.094696
74.440002,3232.280029,134.821808,19.441673,4.98,23.559999,28,204.13884,71.230003,41.569141,113.715942,162.139435
76.230003,3231.800049,132.235977,18.740353,4.94,22.969999,27.68,216.579193,76.769997,41.381809,112.845764,160.45079
78.059998,3247.679932,132.544296,18.704842,5.15,22.6,27.530001,219.328354,78.410004,41.283207,113.409401,160.51004
77.169998,3203.080078,131.937622,18.15444,5.05,22.57,27.17,222.591721,77.959999,41.805782,113.73571,161.379059
77.440002,3244.98999,133.329987,18.296478,5.02,22.99,27.9,222.908173,72.589996,42.032562,114.348793,162.386307
77.860001,3259.050049,133.588577,17.879238,5,23.209999,28.58,222.799408,71.980003,41.421246,113.597275,160.144653
78.339996,3265.159912,136.144577,18.376377,4.95,23.9,29.370001,224.58931,78.629997,41.450829,114.457558,163.275055
78.419998,3230.110107,135.81636,18.766985,5.07,24.43,30,224.846405,77.940002,41.953682,115.317856,165.605591
80.080002,3223.070068,135.990784,19.10433,5.16,24.24,29.559999,224.401413,74.379997,41.795921,115.406845,165.437714
80.809998,3218.649902,134.04747,19.707998,5.19,24.67,30.15,224.747528,78.949997,42.318493,116.306686,168.360764
81.970001,3233.98999,133.708649,20.125238,5.45,25.82,31.309999,225.84523,76.400002,42.338211,116.128693,169.605026
80.279999,3187.01001,133.708649,19.885548,5.48,24.93,30.67,226.636307,76.93,42.82338,115.891373,168.192886
81.580002,3206.219971,133.280121,19.929935,5.48,24.299999,30.540001,228.772339,80.839996,42.843185,116.336349,168.261993
81.349998,3198.01001,133.489395,19.779018,5.61,24.25,30.889999,228.327347,74.489998,42.69466,116.089142,170.108643
80.889999,3264.110107,132.891464,19.423918,5.58,24.219999,31.08,232.490646,70.769997,42.457027,116.534119,171.797302
79.959999,3281.149902,131.386642,19.66361,5.49,23.85,30.450001,229.365692,68.75,41.902554,115.832047,170.661652
81.559998,3349.649902,130.529602,19.734629,5.44,23.459999,29.83,229.088806,67.449997,41.278767,115.556435,168.118011
81.309998,3346.830078,131.486313,19.885548,5.43,23.530001,29.93,230.354599,68.690002,41.44709,116.101707,169.810486
81.550003,3383.870117,130.908295,20.000956,5.45,22.99,28.75,230.48317,68.660004,40.952023,115.308594,168.563385
80.470001,3383.129883,129.84198,19.654732,5.29,22.790001,28.610001,229.988724,65.040001,40.981724,115.308594,168.97908
80.110001,3415.25,129.951599,19.077698,5.22,22.83,29.280001,228.693237,64.160004,41.209457,114.505569,168.860306
84.559998,3489.23999,128.4767,18.71372,5.16,22.23,28.42,228.653687,61.41,39.40741,112.711159,165.20816
84.650002,3486.899902,127.968452,19.095451,5.1,22.290001,28.18,227.971359,60.5,38.397472,110.599487,160.388107
82.589996,3453.959961,129.632706,19.530447,5.1,22.450001,28.67,231.1754,58.700001,39.357906,113.087875,164.366882
83.580002,3505.439941,132.024445,19.9832,5.11,22.110001,28.059999,234.577209,56.5,39.575737,113.137451,165.079483
83.82,3503.820068,132.642319,20.240646,5.05,22.200001,28.15,234.676086,58.080002,39.803467,113.177109,165.39621
86.099998,3449.080078,133.140594,20.49044,5.14,22.35,27.459999,237.178009,56.48,40.427254,114.029694,167.722122
85.620003,3401.459961,153.81926,20.526644,5.45,22.219999,28.129999,237.880142,58.66,41.209457,114.902122,167.276733
87.080002,3443.889893,151.83609,20.300379,5.4,21.389999,26.15,238.58226,66.169998,41.150051,114.039612,165.079483
89.519997,3448.139893,155.413742,20.635248,5.36,21.08,25.780001,239.16571,66.779999,40.486656,113.811592,163.872009
93.93,3440.159912,153.958771,20.6443,5.32,21.209999,26.360001,239.056915,65.019997,40.823303,113.990044,164.069962
93.309998,3432.969971,157.456696,20.010763,5.37,21.51,26.360001,240.767715,66.040001,41.130249,114.882294,165.712921
94.699997,3510.97998,159.19072,20.345633,5.39,21.48,26.059999,243.843201,62.549999,40.744095,114.961601,163.822525
94.470001,3675.73999,159.559448,19.875002,5.42,21.01,25.02,242.725754,66.830002,39.674747,113.791763,161.00174
90.540001,3696.580078,159.609283,19.847853,5.39,20.309999,24.08,244.802444,71.25,39.357906,113.950394,159.527023
89.739998,3731.409912,160.077667,19.693993,5.41,20.35,23.719999,245.821014,68.989998,38.397472,112.711159,157.864258
90.900002,3719.340088,160.446381,20.291328,5.47,20.889999,24.26,245.821014,67.800003,39.645046,114.822807,161.516418
90.809998,3718.550049,161.263565,20.200823,5.37,20.84,23.860001,249.440399,68.269997,40.229225,115.080574,162.229034
90.260002,3677.360107,161.034348,20.273228,5.88,20.02,22.85,248.955826,72.349998,39.46682,113.533997,158.982666
89.050003,3681.679932,160.984528,20.508541,5.84,20.620001,22.58,250.814972,68.940002,38.476681,113.276245,157.211014
86.93,3631.199951,161.134018,20.399937,5.75,20.459999,21.950001,250.122726,68.830002,38.44698,112.978821,157.16153
85.889999,3573.629883,159.300339,19.97456,5.68,19.790001,20.92,248.362473,66.43,37.545956,111.908119,154.855438
86.580002,3549.590088,157.327148,19.32292,5.6,18.969999,19.719999,248.332825,64.339996,36.56572,109.717155,151.421021
87.110001,3573.189941,159.19072,19.576334,5.81,20.559999,21.190001,251.88298,66.080002,37.318226,112.27494,155.894669
89.410004,3585.199951,160.526108,19.956457,5.8,21.4,23.190001,253.208099,79.379997,38.080627,113.4646,158.497696
91.209999,3638.030029,163.117172,19.856903,5.75,21.16,22.709999,254.157455,67.669998,37.58556,112.849945,155.46907
92.150002,3656.639893,165.787949,19.865953,5.75,21.200001,21.959999,258.132843,59.07,37.328125,113.613312,155.993637
91.82,3699.820068,164.522308,20.399937,5.84,22.08,23.16,257.964661,56.48,37.753883,113.940475,157.478256
91.029999,3626.389893,164.00412,20.065065,5.75,21.459999,22.799999,255.492462,53.75,37.605362,113.880989,156.250961
97.93,3630.320068,164.891052,20.761957,5.81,21.629999,22.82,254.562912,60.360001,37.753883,114.099091,157.92363
102.949997,3599.919922,166.415787,20.698605,6.05,21.17,22.709999,258.755859,59.389999,38.298458,115.040916,159.457748
106.190002,3327.590088,166.93399,19.024252,6.08,20.379999,21.65,258.152588,59.25,37.981613,114.674103,158.31955
108.629997,3331.47998,168.169724,19.196211,6.13,20.059999,21.459999,254.384872,61.029999,37.58556,114.376686,157.141754
112.559998,3366.23999,170.641205,19.675892,6.29,19.950001,21.43,259.289856,60.84,38.169743,115.20945,158.448196
118.769997,3354.719971,171.318863,19.63064,6.23,19.450001,21.040001,257.638367,59.77,37.892502,113.999954,155.409683
112.349998,3375.98999,173.252213,18.988049,6.19,20.91,22.549999,258.498718,58.560001,38.635105,114.951691,158.141388
110.110001,3344.939941,172.205811,18.951849,6.1,21.02,23.08,257.203278,58.150002,39.753963,115.625832,159.982315
107.580002,3341.870117,171.179352,18.861341,6.1,20.559999,22.709999,259.497528,60.630001,40.268829,115.278847,158.844101
106.480003,3320.679932,171.677628,19.150959,6.02,20.940001,23.65,261.139099,60.84,41.021332,115.903427,160.061493
107.68,3292.110107,170.681076,19.033302,6.02,21.23,23.99,260.090851,57.459999,41.536201,116.924561,161.34816
106.5,3303.5,170.053238,18.897543,6.02,20.43,23.360001,258.973419,56.610001,41.73423,116.775848,160.932465
110.550003,3293.969971,171.099625,18.68033,6.12,19.84,22.860001,258.637177,51.5,41.21936,116.656883,159.77446
107.480003,3298.98999,171.767334,18.67128,6.07,19.76,22.790001,260.229309,49.830002,40.882713,116.418953,158.616455
107.559998,3241.959961,170.073166,18.399765,5.94,19.34,22.040001,252.687851,48.720001,40.684685,115.239197,156.943802
103.440002,3201.219971,168.229523,17.476608,5.95,19.139999,22.48,245.672333,47.950001,40.387646,114.148666,155.320602
103.699997,3187.75,165.020584,16.345289,5.89,18.73,21.66,243.519058,45.919998,39.79356,113.553833,153.539078
104.650002,3199.949951,167.213028,16.499149,5.9,18.5,21.959999,251.447479,47.080002,39.971786,114.446083,156.082703
108.769997,3265.870117,169.136414,16.209532,6.02,19.110001,22.83,250.584183,49,40.506462,115.377991,158.309631
107.650002,3305.780029,169.395493,17.123636,6.05,19.83,23.84,248.718674,50.369999,41.070839,116.171104,159.695297
108.300003,3299.179932,169.255981,17.268446,6.03,20.15,24.110001,249.214828,54.009998,41.73423,116.904732,160.546463
107.269997,3316,166.346024,16.987879,5.99,19.9,23.469999,247.041718,52.02,41.625317,115.962914,158.715439
111.400002,3349.629883,167.279343,17.594267,6.03,20.219999,24.35,247.26001,54.470001,42.070877,117.449997,162.991119
111.32,3421.570068,167.728531,17.485659,6.04,19.51,23.629999,247.438629,64,41.249062,117.023697,161.971695
110.720001,3470.790039,164.444443,17.259396,5.96,19.940001,24.139999,245.076965,61.310001,41.338173,117.132751,162.3181
109.989998,3479,164.264755,17.268446,5.95,19.639999,23.51,244.471649,60.959999,40.783699,117.241806,163.010925
109.199997,3463.120117,163.376358,17.259396,6.06,19.76,24.02,243.91597,64.440002,40.823509,118.015083,163.723541
109.919998,3478.050049,162.99704,17.268446,6.04,19.370001,22.959999,242.427536,61.75,40.853363,117.499565,162.981232
109.150002,3509.290039,162.348206,16.933575,5.98,19.530001,23.559999,240.849777,63.950001,41.12207,116.280159,162.120163
106.169998,3525.5,160.421677,16.272884,5.89,19.129999,22.780001,244.213669,60.709999,40.584656,116.131447,160.496979
106.150002,3484.159912,163.046951,16.336239,5.91,20.200001,23.280001,243.548828,63.130001,40.73394,115.843941,160.269333
105.199997,3469.149902,163.296494,16.318138,5.83,18.950001,22.75,242.655762,61.349998,40.077103,114.931862,158.616455
104.800003,3457.169922,159.23381,16.372442,5.76,19.309999,23.309999,241.226868,62.220001,40.743893,115.576271,160.071396
105.730003,3450,158.475159,16.137127,5.76,19.209999,22.860001,240.373489,61,39.649162,114.495651,157.745499
105.599998,3475.790039,157.626694,15.947066,5.61,19.379999,23.17,242.25885,62.16,39.947723,115.566353,159.626007
106.220001,3488.23999,157.317261,15.132516,5.62,19.889999,23.09,245.04718,60.43,40.256241,115.278847,158.794617
103.879997,3462.52002,156.139359,14.761443,5.5,19.73,23.549999,244.769333,61.93,40.306,114.198235,158.656067
101.550003,3355.72998,153.973267,14.173158,5.35,20.33,23.24,240.274261,56.75,38.922657,112.443474,155.548248
102.82,3343.629883,154.741882,14.372271,5.39,19.76,22.959999,239.450638,58.639999,38.942562,112.11631,155.17215
104.379997,3380.050049,157.157532,14.861,5.56,20.52,23.610001,239.907104,61.07,39.947723,113.424957,157.339691
106.150002,3416,159.293701,14.82,5.58,20.9,24.690001,240.800171,57.009998,41.490299,115.030998,160.239639
105.800003,3425.52002,149.321609,14.49,5.58,21.389999,25.440001,239.579636,53.82,41.938145,115.086761,159.975098
108.160004,3405.800049,147.774399,14.54,5.63,21.469999,26.379999,236.741684,54.209999,43.052776,115.684204,163.137604
101.519997,3315.959961,145.039322,13.8,5.43,21.43,26.17,231.641296,51.790001,42.953259,114.320045,160.720978
100.349998,3301.120117,145.758026,13.97,5.43,21.01,25.52,234.032715,52.349998,42.863689,114.60881,161.049164
102.900002,3285.040039,144.969437,13.95,5.45,20.52,25.01,227.007263,57,42.246658,112.766701,159.348572
102.449997,3283.26001,146.796158,14.2,5.46,21.65,26.09,226.659958,57.91,42.873642,114.479362,162.252502
100.339996,3189.780029,146.876022,13.89,5.47,21.389999,25.34,224.14946,54.790001,43.132397,113.961578,162.043671
101.809998,3221,149.191864,13.74,5.66,21.469999,25.42,225.806595,57.299999,44.008183,114.718338,162.461349
103.639999,3262.01001,148.533035,14.04,5.65,20.540001,24.9,225.082214,56.439999,44.028088,114.927444,161.456909
106.449997,3302.429932,151.577576,14.46,5.77,20.17,24.49,228.049194,56.860001,43.908657,115.893303,163.614975
105.059998,3288.620117,152.206436,14.57,5.8,20.07,23.83,227.136276,56,44.127605,115.67424,163.20723
104.68,3246.300049,150.010376,14.75,5.8,20.129999,23.879999,226.957672,61.41,43.570286,115.096718,162.34201
105.040001,3247.330078,153.074875,14.69,5.8,20.290001,24.33,228.465958,65.660004,43.33144,115.395439,162.898941
109.160004,3284.280029,156.019592,14.42,5.84,19.610001,23.65,234.925781,66.970001,42.933353,115.624458,163.16745
111.989998,3299.860107,156.858078,14.46,5.95,19.639999,23.73,240.22464,63.5,44.854107,117.576096,165.206161
112.120003,3409.02002,157.726501,14.78,5.9,19.98,23.67,243.816757,63.970001,46.147881,117.775238,164.838211
116.43,3446.73999,159.143967,14.6,5.91,19.84,23.129999,251.695572,68.089996,46.058311,117.874809,164.708908
116.330002,3444.149902,157.536865,14.21,5.85,19.530001,22.34,250.246811,71.900002,46.257355,118.462296,164.937653
116.389999,3415.060059,158.165726,13.85,5.92,19.52,22.440001,249.889587,72.760002,46.864433,119.547638,166.489075
119.330002,3435.01001,161.889023,13.34,5.95,19.889999,22.33,252.251251,72.410004,46.605679,119.497856,166.499008
119.82,3335.550049,163.186691,13.52,5.88,19.15,22.290001,253.957993,71.370003,47.342133,119.826447,166.26033
122.360001,3320.370117,163.925369,13.9,5.66,19.23,22.049999,258.343933,74.43,47.282421,120.065422,167.841599
122.93,3376.070068,163.49614,13.79,5.7,19.389999,21.82,256.73642,70.879997,47.730263,119.677094,166.399582
122.279999,3392.48999,162.058731,13.47,5.76,19.030001,21.639999,254.563309,76.220001,46.814674,117.635834,163.067993
121.160004,3446.570068,164.164948,13.2,5.82,19.190001,21.969999,256.230377,76.510002,47.551128,119.189178,165.743195
120.230003,3372.429932,166.989853,12.73,5.68,19.200001,22.16,257.619568,77.790001,47.551128,118.770973,165.464737
125.230003,3318.110107,166.031586,12.88,5.69,19.77,23.07,255.932678,75,47.620792,120.095299,169.572006
127.629997,3312.75,167.5289,12.31,5.56,19.83,22.91,258.254639,68.089996,47.65065,120.264572,170.387512
130.529999,3384,172.190521,12.05,5.77,20.629999,23.17,258.403473,69.540001,48.138302,121.220474,173.122375
137.5,3477,175.125244,11.79,5.71,20.629999,22.879999,258.433258,69.309998,47.103287,120.662865,172.227325
136.339996,3518.98999,177.191528,11.61,5.77,21.82,24.790001,252.310791,65.919998,46.74501,121.568977,175.489288
150.160004,3488.97998,171.541687,12.23,5.86,22.25,24.59,251.378036,67.139999,47.113235,121.658592,175.906982
148.919998,3576.22998,173.508163,12.11,5.79,22.26,24.17,253.193939,66.739998,46.655441,121.718338,174.534576
139.869995,3482.050049,167.958115,11.98,5.7,21.57,23.49,252.092484,65.449997,47.003761,120.921753,172.943359
146.009995,3472.5,166.670441,12.65,5.71,21.33,23.02,254.037384,70.769997,47.26252,121.310089,174.196442
147.889999,3525.149902,168.786636,12.55,5.68,20.290001,22.360001,258.016479,72.519997,46.685295,121.867699,173.967697
146.490005,3545.679932,168.547073,12.33,5.59,20.32,22.299999,262.293274,71.129997,46.824623,122.176376,173.838425
152.449997,3540.699951,171.521729,12.11,5.59,19.84,21.59,265.240509,69.209999,46.854481,122.226166,173.699188
151.339996,3549,171.431885,11.81,5.68,19.860001,21.33,252.704834,68.150002,46.287209,121.499275,171.740036
155.020004,3696.060059,171.042587,11.27,5.83,19.389999,20.950001,250.962387,68.690002,46.098122,121.10099,171.123444
155.410004,3676.570068,174.566254,11.45,5.81,19.280001,20.49,249.61821,66.330002,45.182529,120.164993,169.452682
152.520004,3572.570068,173.927399,12.24,5.68,19.629999,20.33,243.514664,63.360001,46.058311,120.533417,170.377563
149.919998,3580.040039,171.841141,12.49,5.72,19.469999,20.15,248.104767,61.970001,47.272469,121.021324,170.835037
157.800003,3580.409912,171.721359,12.71,5.76,19.459999,20.16,247.686569,60.299999,47.401848,121.091026,170.467072
154.809998,3504.560059,167.718567,12.37,5.55,17.75,17.950001,245.506042,58.52,45.540802,117.635834,163.883484
161.910004,3561.570068,169.565231,12.44,5.62,17.74,18.16,248.084854,58.009998,45.371616,118.432426,163.31662
158.369995,3507.070068,168.936371,12.37,5.6,17.690001,17.620001,242.787811,57.34,44.256985,115.106674,159.58725
149.110001,3443.719971,166.400925,12.25,5.56,16.280001,16.379999,239.352692,54.349998,43.630001,113.553337,156.444626
150.679993,3437.360107,169.695007,12.99,5.74,17.42,17.889999,244.440643,48.209999,44.889999,116.709801,161.1884
144.009995,3389.790039,170.240005,12.73,5.66,16.620001,17.200001,246.501724,43.32,43.869999,116.062576,159.189453
139.059998,3427.370117,168.910004,13.39,5.69,17.93,18.59,241.92157,44.060001,44.150002,118.103828,162.650314
144.850006,3523.290039,171.289993,13.62,5.9,17.889999,18.5,244.570099,47.299999,44.709999,119.926025,164.887939
145.240005,3523.159912,170.25,13.69,5.86,18.23,19.52,238.566116,46.490002,44.16,120.453758,165.753143
138.100006,3483.419922,168.100006,13.5,5.99,18.139999,19.190001,236.534912,44.07,44.490002,119.238968,163.048096
138.550003,3444.23999,169.059998,13.52,6.02,18.01,19.280001,237.152222,43.490002,44.52,119.696999,163.067993
133.800003,3391.350098,166.839996,13.76,5.98,17.120001,18.34,233.159531,43.830002,43.580002,118.709999,160.690002
135.600006,3381.830078,165.399994,13.66,5.96,16.91,18.15,234.26474,41.93,44.130001,118.029999,159.850006
146.5,3466.300049,163.899994,13.63,6.13,16.99,17.889999,235.62883,41.830002,43.939999,119.279999,161.440002
138.639999,3377.419922,162.720001,14.16,6.06,16.52,17.57,223.810059,40.790001,45,118.800003,159.679993
137.75,3400.350098,161.360001,14,6.01,16.950001,18.280001,222.346405,40.700001,43.880001,117.82,159.979996
135.800003,3341.580078,156.979996,13.68,5.91,17.299999,18.9,218.244186,38.049999,43.16,116.07,157.649994
144.25,3408.340088,166.630005,14.02,5.97,18.120001,20.540001,219.120392,40.900002,44.189999,118.470001,162.149994
143.880005,3420.73999,165.440002,14.12,6.14,18.26,21.25,216.800446,39.919998,44.279999,119.440002,163.759995
146.139999,3421.370117,165.669998,13.91,6.19,18.26,21.200001,220.05632,38.93,44.419998,120.110001,164.800003
154.360001,3393.389893,167.580002,14.05,6.34,18.17,20.950001,223.132996,37.59,44.639999,121.720001,166.490005
153.149994,3413.219971,166.419998,13.6,6.3,18.540001,20.9,223.939499,37.810001,44.700001,121.989998,165.970001
148.259995,3384.02002,168.779999,13.53,6.29,18.049999,20.790001,226.936508,37.869999,44.630001,122.389999,166.309998
145.149994,3372.889893,167.490005,14.08,6.26,18.07,20.530001,230.909286,40.939999,44.529999,122.190002,165.910004
143.899994,3334.340088,166.669998,14.02,6.22,17.959999,20.120001,230.441315,40.32,44.490002,122.379997,166.050003
150.240005,3408.090088,164.669998,13.81,6.29,18.75,21.41,230.949112,41.970001,46.18,122.339996,168.070007
144.419998,3350.439941,166.389999,13.55,6.25,19.02,21.73,233.159531,42.009998,47.990002,123.589996,169.210007
136.149994,3287.139893,162.25,13.66,6.14,18.68,21.17,227.872452,39.990002,47.18,121.669998,165.470001
136.229996,3265.080078,161.039993,14.01,6.12,18.57,21.07,230.351715,39.869999,48.130001,122.209999,166.860001
132,3251.080078,156.970001,14.81,6.1,19.280001,21.9,229.784164,40.09,49.18,122.160004,166.110001
132,3229.719971,150.440002,14.65,6.17,18.790001,21.4,226.43866,39.580002,48.93,121.449997,165.419998
137.309998,3307.23999,150.300003,15.24,6.24,19.02,21.98,226.5681,39.599998,49.209999,122.690002,166.619995
137.470001,3304.139893,152.210007,15.55,6.09,18.5,22.309999,223.501389,41.740002,48.860001,122.790001,165.929993
132.740005,3224.280029,149.589996,15.3,5.89,19.34,22.9,224.85553,41.220001,48.759998,122.470001,165.600006
136.880005,3242.76001,148.179993,15.38,5.93,18.49,22.950001,220.444641,42.369999,47.91,122.110001,166.610001
131.929993,3178.350098,146.949997,15.51,5.75,17.9,21.98,219.060638,41.130001,46.259998,120.010002,162.550003
128.270004,3125.97998,145.110001,16.18,5.74,17.309999,21.219999,222.874115,42.75,46.439999,118.57,159.929993
121.889999,3033.350098,142.729996,15.99,5.63,16.76,20.799999,220.76326,43.369999,45.75,116.800003,156.740005
118.809998,2852.860107,142.949997,15.6,5.51,16.299999,19.99,216.312546,40.529999,44.919998,115.099998,154.470001
116.529999,2890.879883,146,15.31,5.49,16.41,19.74,219.628189,38.889999,44.549999,115.879997,157.240005
111.129997,2799.719971,145.479996,15.48,5.57,16.459999,20.200001,213.753632,37.25,45.43,114.980003,156.339996
110.709999,2777.449951,143.990005,15.53,5.58,16.24,20.290001,210.796463,37.82,45.900002,114.150002,154.369995
102.599998,2792.75,144.639999,15.57,5.59,15.78,19.110001,211.26442,36.07,45.470001,113.260002,151.25
105.239998,2879.560059,145.910004,15.58,5.72,15.64,18.969999,216.730728,35.869999,45.869999,115.080002,153.350006
114.25,2991.469971,148.070007,15.18,5.9,16.469999,19.809999,219.478821,40.119999,46.139999,117,156.339996
116.779999,3023.870117,148.220001,16.18,5.94,16.83,20.93,218.283997,39.630001,46.939999,118.089996,157.770004
122.760002,3012.25,148.710007,16.35,5.97,16.959999,20.85,216.67099,37.709999,46.889999,118.809998,156.800003
120.080002,2776.909912,145.309998,16.15,5.72,16.57,20.34,212.299942,35.720001,46.43,117.150002,154.559998
123.599998,3152.790039,145.389999,16.549999,5.71,16.450001,19.959999,213.116394,37.779999,48.279999,117.169998,154.970001
123.669998,3158.709961,145.139999,17.17,5.73,17.280001,21.52,210.378265,37.169998,48.509998,117.330002,155.369995
128.229996,3228.27002,143.529999,17.43,5.69,18.26,22.549999,212.031097,38.919998,49.380001,118.580002,157.529999
132.850006,3223.790039,146.259995,17.51,5.77,18.76,23.190001,215.705185,42.400002,49.279999,120.400002,159.449997
125.769997,3180.070068,144.820007,17.85,5.65,18.709999,23.120001,212.917267,40.580002,49.049999,118.519997,157.520004
113.18,3065.870117,140.179993,17.540001,5.54,17.610001,22.040001,210.647095,38.790001,47.919998,117.410004,156.880005
114.269997,3103.340088,141.589996,17.49,5.43,17.43,21.360001,207.670013,38.200001,47.419998,116.309998,156.169998
121.470001,3130.209961,145.580002,17.139999,5.6,18.84,22.780001,207.179993,41.34,47.790001,118.230003,159.720001
117.690002,3162.01001,146.490005,17.440001,5.84,18.82,23.309999,207.809998,40.84,47.68,118.599998,160.320007
112.370003,3093.050049,142.800003,16.6,5.65,18.219999,22.42,204,40.200001,46.07,116.400002,157.490005
113.830002,3052.030029,142.949997,16.639999,5.66,17.870001,22.17,204.389999,39.529999,45.959999,115.959999,156.600006
115.650002,3003.949951,138.190002,17.18,5.51,17.43,21.51,196.350006,38.029999,45.560001,114.699997,154.509995
109.760002,2896.540039,136.830002,17.27,5.38,16.639999,20.209999,189.899994,39.09,44.779999,112.889999,152.309998
116.610001,3027.159912,137.169998,17.07,5.39,16.959999,20.629999,191.550003,41.68,43.599998,113.650002,154.559998
121.059998,3075.77002,138.800003,17.82,5.44,17.459999,21.1,199.220001,42.919998,45.02,116.980003,158.380005
123.339996,3071.26001,136.550003,18.49,5.35,17.25,20.33,199.770004,47.959999,44.200001,116.459999,158.740005
113.830002,3022.840088,132.220001,18.860001,5.18,16.290001,18.860001,219.429993,52.220001,42.470001,114.190002,155.820007
118.279999,3041.050049,135.679993,19.469999,5.33,16.370001,19.02,224.899994,50.93,43.16,116.940002,159.970001
